mean_fit_time,std_fit_time,mean_score_time,std_score_time,param_colsample_bytree,param_learning_rate,param_max_depth,param_n_estimators,param_subsample,params,split0_test_score,split1_test_score,split2_test_score,mean_test_score,std_test_score,rank_test_score,split0_train_score,split1_train_score,split2_train_score,mean_train_score,std_train_score
0.7902821699778239,0.17644690175701155,0.05355954170227051,0.006170224175932051,0.7,0.05,6,200,0.7,"{'colsample_bytree': 0.7, 'learning_rate': 0.05, 'max_depth': 6, 'n_estimators': 200, 'subsample': 0.7}",-37.061374117991676,-31.21675508772158,-34.081578939441265,-34.1199027150515,2.3862096074572055,1,-14.162128001463973,-18.67286381768627,-20.90438710468619,-17.91312630794548,2.8044506611843576
0.7991535663604736,0.17135503377183098,0.054296255111694336,0.004177516015195225,0.7,0.05,6,200,0.8,"{'colsample_bytree': 0.7, 'learning_rate': 0.05, 'max_depth': 6, 'n_estimators': 200, 'subsample': 0.8}",-37.435697940242996,-31.035502922952286,-34.04185142407273,-34.17101742908934,2.614464503166588,2,-13.837905790910659,-18.373093116526196,-20.638595768191696,-17.61653155854285,2.82744113820681
0.45408256848653156,0.09531142992488927,0.02712225914001465,0.001463162109672443,0.7,0.05,6,100,0.8,"{'colsample_bytree': 0.7, 'learning_rate': 0.05, 'max_depth': 6, 'n_estimators': 100, 'subsample': 0.8}",-37.47956449898024,-30.916357024782698,-34.2848922846551,-34.22693793613934,2.679731593179253,3,-16.42300956786919,-20.95593676998703,-23.0473241942761,-20.14209017737744,2.764916608101567
1.1616663932800293,0.2815455692768338,0.06912676493326823,0.005132533076616807,0.8,0.05,6,200,0.8,"{'colsample_bytree': 0.8, 'learning_rate': 0.05, 'max_depth': 6, 'n_estimators': 200, 'subsample': 0.8}",-37.534281693250136,-31.045740549274516,-34.13864561857811,-34.23955595370092,2.6498966918312195,4,-13.675043114019518,-18.336424373922892,-20.636864111093097,-17.549443866345168,2.8961171291120236
0.4296542803446452,0.10496418149206697,0.02706305185953776,0.0003895140059989875,0.7,0.05,6,100,0.7,"{'colsample_bytree': 0.7, 'learning_rate': 0.05, 'max_depth': 6, 'n_estimators': 100, 'subsample': 0.7}",-37.32709669290703,-31.11440745619571,-34.32275767208038,-34.25475394039437,2.536775547636484,5,-16.76837708305075,-21.076225577664744,-23.219726964507725,-20.354776541741074,2.682703282986538
0.6053080558776855,0.14840219538927926,0.03426567713419596,0.002454871017943585,0.8,0.05,6,100,0.8,"{'colsample_bytree': 0.8, 'learning_rate': 0.05, 'max_depth': 6, 'n_estimators': 100, 'subsample': 0.8}",-37.43789385471446,-31.01374279384987,-34.45313437410514,-34.301590340889824,2.6248369357230907,6,-16.37839849771936,-20.87208716523573,-23.04906303818616,-20.099849567047084,2.777493418402332
1.0661768913269043,0.34347827844677153,0.0431372324625651,0.005587888426547543,0.9,0.05,6,100,0.8,"{'colsample_bytree': 0.9, 'learning_rate': 0.05, 'max_depth': 6, 'n_estimators': 100, 'subsample': 0.8}",-37.648618889390804,-31.02478638784643,-34.259778969412814,-34.31106141555002,2.704411417060437,7,-16.30143762992575,-20.737172727463008,-22.957852384295656,-19.998820913894807,2.7671690583215103
1.3447972933451335,0.28123658441115895,0.07712777455647786,0.006842591085003101,0.7,0.05,6,300,0.7,"{'colsample_bytree': 0.7, 'learning_rate': 0.05, 'max_depth': 6, 'n_estimators': 300, 'subsample': 0.7}",-37.47369514494503,-31.360958301435392,-34.11584184117581,-34.316831762518746,2.499558046383551,8,-12.066726010420084,-16.858305169177324,-19.142025122983913,-16.02235210086044,2.9483416279193224
1.1381844679514568,0.21582821145375916,0.07411591211954753,0.010506384787257243,0.8,0.05,6,200,0.7,"{'colsample_bytree': 0.8, 'learning_rate': 0.05, 'max_depth': 6, 'n_estimators': 200, 'subsample': 0.7}",-37.763544008609955,-31.206988474103003,-33.99696606921639,-34.32249951730978,2.68658198443538,9,-14.165074399340098,-18.456108849268173,-20.83649461567887,-17.819225954762377,2.7605768469324152
1.756434679031372,0.3691125821361418,0.09059747060139973,0.017792744748527416,0.9,0.05,6,200,0.8,"{'colsample_bytree': 0.9, 'learning_rate': 0.05, 'max_depth': 6, 'n_estimators': 200, 'subsample': 0.8}",-37.70576869673092,-31.145393561058928,-34.13782717943447,-34.32966314574144,2.681694894236669,10,-13.458111479995669,-18.120401928484867,-20.56123443235015,-17.379915946943562,2.946730225827791
1.4820175170898438,0.14968901133168827,0.11636606852213542,0.02586270502322159,0.9,0.05,6,200,0.7,"{'colsample_bytree': 0.9, 'learning_rate': 0.05, 'max_depth': 6, 'n_estimators': 200, 'subsample': 0.7}",-37.53537918460934,-31.115478822031548,-34.38453413911979,-34.34513071525356,2.6210614438576725,11,-14.059041657445901,-18.354476758771504,-20.720274278298827,-17.71126423150541,2.757208343440011
0.6000760396321615,0.10297448197920445,0.03501812616984049,0.001120772602225527,0.8,0.05,6,100,0.7,"{'colsample_bytree': 0.8, 'learning_rate': 0.05, 'max_depth': 6, 'n_estimators': 100, 'subsample': 0.7}",-37.70123480761455,-31.07114833502336,-34.30099895730588,-34.3577940333146,2.707019384120142,12,-16.705574548892546,-20.979130830790734,-23.12862041644403,-20.2711085987091,2.669563155900098
1.70184326171875,0.35077048308851083,0.08419195810953777,0.003261621736479972,0.8,0.05,6,300,0.8,"{'colsample_bytree': 0.8, 'learning_rate': 0.05, 'max_depth': 6, 'n_estimators': 300, 'subsample': 0.8}",-37.8671309774817,-31.12113698684638,-34.14752045357376,-34.37859613930062,2.7588833139300597,13,-11.624656432972902,-16.45706242303312,-18.93879544284938,-15.673504766285134,3.0369534421890094
1.32136074701945,0.5782133841085411,0.07663536071777344,0.026088930676082984,0.9,0.05,6,100,0.7,"{'colsample_bytree': 0.9, 'learning_rate': 0.05, 'max_depth': 6, 'n_estimators': 100, 'subsample': 0.7}",-37.53679626435401,-31.040732176996595,-34.59353631603017,-34.39035491912693,2.6558958522250506,14,-16.67450773418016,-20.882625565234704,-23.030432377589495,-20.195855225668122,2.6398465413297316
1.4640090465545654,0.23786055940220624,0.08052277565002441,0.001689443954749551,0.7,0.05,6,300,0.8,"{'colsample_bytree': 0.7, 'learning_rate': 0.05, 'max_depth': 6, 'n_estimators': 300, 'subsample': 0.8}",-37.75668950910381,-31.22354304933123,-34.190956212409255,-34.390396256948094,2.6708716323495074,15,-11.756215193106247,-16.57191081614631,-18.91551128494076,-15.74787909806444,2.980285370781681
1.181499719619751,0.31033610638944015,0.06929930051167806,0.011044738372609894,0.8,0.05,6,200,0.9,"{'colsample_bytree': 0.8, 'learning_rate': 0.05, 'max_depth': 6, 'n_estimators': 200, 'subsample': 0.9}",-37.668756406186354,-31.274924988258757,-34.253869195771514,-34.39918353007221,2.6122923830784393,16,-13.64220218495118,-18.198871192390417,-20.53254304923572,-17.45787214219244,2.8613527104970338
0.9560170968373617,0.20452002894082413,0.06633973121643066,0.02401299546356337,0.7,0.05,6,200,0.9,"{'colsample_bytree': 0.7, 'learning_rate': 0.05, 'max_depth': 6, 'n_estimators': 200, 'subsample': 0.9}",-38.13158828741336,-31.172984036362323,-34.07330429675193,-34.45929220684254,2.853919326206036,17,-13.624813896996695,-18.26460426110855,-20.59264982631339,-17.49402266147288,2.8963231156924887
0.6419277191162109,0.1661526931250834,0.037396907806396484,0.0009663215503708775,0.8,0.05,6,100,0.9,"{'colsample_bytree': 0.8, 'learning_rate': 0.05, 'max_depth': 6, 'n_estimators': 100, 'subsample': 0.9}",-37.737003359847314,-31.242502304695932,-34.460848093189234,-34.48011791924416,2.651403965636287,18,-16.25372451479702,-20.779322310546725,-23.00808165737986,-20.0137094942412,2.810095768327527
0.44951534271240234,0.0862290780669372,0.03254532814025879,0.007623029012857789,0.7,0.05,6,100,0.9,"{'colsample_bytree': 0.7, 'learning_rate': 0.05, 'max_depth': 6, 'n_estimators': 100, 'subsample': 0.9}",-37.9725151951693,-31.13187700701015,-34.38142958617933,-34.49527392945293,2.793838829304806,19,-16.24131426262298,-20.853990504100828,-23.050969881776282,-20.048758216166696,2.8377399095072438
1.6957263946533203,0.28751124220741026,0.08883047103881836,0.005499040817110405,0.8,0.05,6,300,0.7,"{'colsample_bytree': 0.8, 'learning_rate': 0.05, 'max_depth': 6, 'n_estimators': 300, 'subsample': 0.7}",-38.02668735740716,-31.282998117331303,-34.2333343110076,-34.514339928582025,2.760260767815246,20,-12.072139601695774,-16.66648856252607,-19.03788421467948,-15.92550412630044,2.891619264284787
0.6869943141937256,0.11609436410822464,0.04214787483215332,0.0015613527370372123,0.9,0.1,6,100,0.9,"{'colsample_bytree': 0.9, 'learning_rate': 0.1, 'max_depth': 6, 'n_estimators': 100, 'subsample': 0.9}",-37.70487798503461,-31.292514271574653,-34.60196323391376,-34.533118496841006,2.618289110187725,21,-13.286023034933443,-18.12194701172365,-20.445728919535178,-17.28456632206409,2.982309161601819
0.4964722792307536,0.10488342631661271,0.032342751820882164,0.0011028385543587194,0.7,0.1,6,100,0.9,"{'colsample_bytree': 0.7, 'learning_rate': 0.1, 'max_depth': 6, 'n_estimators': 100, 'subsample': 0.9}",-37.891091021006375,-31.30508077479684,-34.40849997049559,-34.53489058876627,2.6902123437979615,22,-13.64267255070534,-18.248575205252045,-20.657091192178427,-17.516112982711938,2.9100850961266387
0.51799209912618,0.0746574201032095,0.030682166417439777,0.0009457710600468994,0.7,0.1,6,100,0.8,"{'colsample_bytree': 0.7, 'learning_rate': 0.1, 'max_depth': 6, 'n_estimators': 100, 'subsample': 0.8}",-38.20372298537678,-31.067969505048264,-34.33415607393234,-34.5352828547858,2.9166285810260995,23,-13.882144554473,-18.462201188033983,-20.690450651547458,-17.678265464684813,2.8342164574619857
1.6384633382161458,0.234547281439446,0.09146944681803386,0.0040033862414865845,0.8,0.05,6,300,0.9,"{'colsample_bytree': 0.8, 'learning_rate': 0.05, 'max_depth': 6, 'n_estimators': 300, 'subsample': 0.9}",-37.84918526239514,-31.369505465760803,-34.40210187285045,-34.540264200335464,2.647121605099881,24,-11.566104646471565,-16.353808442489967,-18.876249937714906,-15.598721008892147,3.0317402944024088
1.9875766436258953,0.5266692246561918,0.14948749542236328,0.05152351991742829,0.9,0.05,6,300,0.8,"{'colsample_bytree': 0.9, 'learning_rate': 0.05, 'max_depth': 6, 'n_estimators': 300, 'subsample': 0.8}",-38.119681452341474,-31.351555937051344,-34.2701837460251,-34.58047371180597,2.771773276541998,25,-11.335511473591328,-16.239532344801376,-18.746814584540513,-15.440619467644405,3.077937598409762
1.9248594443003337,0.33303234145156985,0.1000823179880778,0.001133690753326955,0.9,0.05,6,300,0.7,"{'colsample_bytree': 0.9, 'learning_rate': 0.05, 'max_depth': 6, 'n_estimators': 300, 'subsample': 0.7}",-37.861505701889875,-31.294069433967064,-34.627470589999845,-34.59434857528559,2.681246921888026,26,-11.828919716299442,-16.489316688344335,-18.93924968879708,-15.752495364480287,2.9491668119346457
0.7238425413767496,0.0838418445695786,0.0370481808980306,0.004596526265146471,0.8,0.1,6,100,0.7,"{'colsample_bytree': 0.8, 'learning_rate': 0.1, 'max_depth': 6, 'n_estimators': 100, 'subsample': 0.7}",-37.51719759794055,-31.50303711081996,-34.76522515539009,-34.5951532880502,2.4582141107256446,27,-14.238520248040878,-18.711417291335234,-20.917307382985427,-17.955748307453845,2.7784679361565976
1.5432085196177165,0.06731231459511622,0.0724183718363444,0.006914900486561065,0.9,0.05,6,200,0.9,"{'colsample_bytree': 0.9, 'learning_rate': 0.05, 'max_depth': 6, 'n_estimators': 200, 'subsample': 0.9}",-38.31377725323967,-31.25130640456936,-34.24400870781489,-34.603030788541304,2.89439645555757,28,-13.355179749391743,-18.101357302215973,-20.40222436884435,-17.286253806817356,2.9341102851684893
1.354719638824463,0.26126477129972375,0.0811923344930013,0.0036721949679729264,0.7,0.05,6,300,0.9,"{'colsample_bytree': 0.7, 'learning_rate': 0.05, 'max_depth': 6, 'n_estimators': 300, 'subsample': 0.9}",-38.48043274583731,-31.248119237410194,-34.215354095574575,-34.6479686929407,2.968384096152319,29,-11.684950199823172,-16.480771281065277,-18.88862008371109,-15.68478052153318,2.994262949481202
0.6519940694173177,0.14407872076084074,0.03710047403971354,0.0010648798037947776,0.9,0.1,6,100,0.7,"{'colsample_bytree': 0.9, 'learning_rate': 0.1, 'max_depth': 6, 'n_estimators': 100, 'subsample': 0.7}",-37.98167407775784,-31.248931775914162,-34.73996130289836,-34.65685571885678,2.749258643020331,30,-14.056807224714722,-18.531143617086887,-20.879694777947165,-17.82254853991626,2.830138851547321
1.840581973393758,0.23561576476523763,0.07151500384012859,0.0013200984658897975,0.7,0.05,8,200,0.8,"{'colsample_bytree': 0.7, 'learning_rate': 0.05, 'max_depth': 8, 'n_estimators': 200, 'subsample': 0.8}",-37.874896712766564,-31.650047034013713,-34.48135058041605,-34.66876477573211,2.5447372413436375,31,-8.851866527673794,-13.175712763171703,-15.642291721855928,-12.556623670900473,2.8065307240521205
0.7128748893737793,0.1583979071377058,0.06394656499226888,0.029147916224632107,0.8,0.1,6,100,0.9,"{'colsample_bytree': 0.8, 'learning_rate': 0.1, 'max_depth': 6, 'n_estimators': 100, 'subsample': 0.9}",-38.23082825936064,-31.32992395353402,-34.453331043685395,-34.67136108552669,2.821497579171161,32,-13.53247593195408,-17.97333882663417,-20.49938384432957,-17.33506620097261,2.87981427912539
0.559072732925415,0.11261478266849431,0.035702149073282875,0.0010443214461567205,0.7,0.15,6,100,0.9,"{'colsample_bytree': 0.7, 'learning_rate': 0.15, 'max_depth': 6, 'n_estimators': 100, 'subsample': 0.9}",-37.80701608896851,-31.61305077210255,-34.61970792303408,-34.67992492803504,2.5290342230982263,33,-11.745159773988272,-16.69561551983657,-18.943183078566932,-15.794652790797258,3.0068461054348234
1.1305499076843262,0.14275617432743734,0.05290969212849935,0.002280316476485893,0.9,0.05,6,100,0.9,"{'colsample_bytree': 0.9, 'learning_rate': 0.05, 'max_depth': 6, 'n_estimators': 100, 'subsample': 0.9}",-38.30816752061623,-31.224342110380558,-34.527880655825875,-34.68679676227422,2.8941419404654494,34,-16.122046960978125,-20.72339448822861,-22.858319274389448,-19.90125357453206,2.810845416310228
1.0026654402414958,0.17745523701205018,0.038626909255981445,0.0015991675317104273,0.7,0.05,8,100,0.8,"{'colsample_bytree': 0.7, 'learning_rate': 0.05, 'max_depth': 8, 'n_estimators': 100, 'subsample': 0.8}",-37.9695166825218,-31.603746712257948,-34.49329817211947,-34.68885385563307,2.602490902653855,35,-12.509526004287334,-16.543579591592806,-18.9075236474972,-15.986876414459113,2.6414683140509574
1.98115873336792,0.4043414455101899,0.1343064308166504,0.02593965855948545,0.9,0.05,6,300,0.9,"{'colsample_bytree': 0.9, 'learning_rate': 0.05, 'max_depth': 6, 'n_estimators': 300, 'subsample': 0.9}",-38.46869168475282,-31.331734475763092,-34.34512776889224,-34.71518464313605,2.925377026227438,36,-11.284692523855174,-16.19626900856483,-18.67036963459342,-15.38377705567114,3.0694368621576675
2.017112890879313,0.31401613181573945,0.08827630678812663,0.013814700908059634,0.8,0.05,8,200,0.7,"{'colsample_bytree': 0.8, 'learning_rate': 0.05, 'max_depth': 8, 'n_estimators': 200, 'subsample': 0.7}",-38.32111960066796,-31.280389173592688,-34.5463324470979,-34.71594707378619,2.876867286694081,37,-9.441183443114921,-13.83750724932558,-16.024673337762025,-13.101121343400841,2.737673336985694
1.6520949999491374,0.6730046593069674,0.057811339696248375,0.018853378280796508,0.9,0.05,8,100,0.7,"{'colsample_bytree': 0.9, 'learning_rate': 0.05, 'max_depth': 8, 'n_estimators': 100, 'subsample': 0.7}",-38.35758026278015,-31.341614568309137,-34.45161651514431,-34.7169371154112,2.870393692183822,38,-12.764645635273867,-16.73340998321972,-19.0850811715509,-16.19437893001483,2.6083062447110215
0.6127155621846517,0.16869202469169176,0.03430986404418945,0.0036802430623002094,0.8,0.1,6,100,0.8,"{'colsample_bytree': 0.8, 'learning_rate': 0.1, 'max_depth': 6, 'n_estimators': 100, 'subsample': 0.8}",-38.67432358686138,-30.98807892268312,-34.51227822265013,-34.724893577398205,3.1414957399523527,39,-13.869747730138705,-18.362473101290252,-20.602274044959586,-17.611498292129514,2.7993689786491065
1.0318742593129475,0.19891130805962193,0.03954029083251953,0.000767683044570725,0.8,0.05,8,100,0.7,"{'colsample_bytree': 0.8, 'learning_rate': 0.05, 'max_depth': 8, 'n_estimators': 100, 'subsample': 0.7}",-38.54750519380756,-31.052358904881064,-34.65380012848799,-34.75122140905887,3.0606559920528156,40,-12.824732998513781,-17.052280429765553,-19.293536486742294,-16.39018330500721,2.6820556909814894
0.7155085404713949,0.11612650931264737,0.042199929555257164,0.0059554198353877754,0.8,0.15,6,100,0.9,"{'colsample_bytree': 0.8, 'learning_rate': 0.15, 'max_depth': 6, 'n_estimators': 100, 'subsample': 0.9}",-38.1072304502715,-31.619317295411054,-34.569219041130765,-34.76525559560444,2.6523042842366635,41,-11.484319618078933,-16.642346917335193,-18.900253520953395,-15.675640018789172,3.1037515561787545
1.0092848141988118,0.18016927887615497,0.03931101163228353,0.0006735335784198074,0.7,0.05,8,100,0.9,"{'colsample_bytree': 0.7, 'learning_rate': 0.05, 'max_depth': 8, 'n_estimators': 100, 'subsample': 0.9}",-38.476056148822806,-31.31337447509834,-34.54299069698694,-34.777473773636025,2.9288494811334136,42,-11.83291439499306,-16.242982043340426,-18.59268657964696,-15.556194339326815,2.8020692365813464
1.0684706370035808,0.20553823367723856,0.04177419344584147,0.003643296778811888,0.8,0.05,8,100,0.8,"{'colsample_bytree': 0.8, 'learning_rate': 0.05, 'max_depth': 8, 'n_estimators': 100, 'subsample': 0.8}",-38.07531653997792,-31.64420706233196,-34.66564761777528,-34.79505707336172,2.6270836027508144,43,-12.322531156336392,-16.486930785365878,-18.86934867584716,-15.892936872516477,2.70552847392395
1.7642734845479329,0.27216388936209757,0.07092054684956868,0.004887050717503289,0.7,0.05,8,200,0.9,"{'colsample_bytree': 0.7, 'learning_rate': 0.05, 'max_depth': 8, 'n_estimators': 200, 'subsample': 0.9}",-38.482730360978344,-31.447360006159,-34.46971573268666,-34.799935366608,2.8816537800758413,44,-8.335983791214503,-12.941629871931456,-15.220904777349393,-12.166172813498449,2.8637428287045767
0.5318551063537598,0.14529218910882746,0.029840548833211262,0.0011349479220990543,0.7,0.1,6,100,0.7,"{'colsample_bytree': 0.7, 'learning_rate': 0.1, 'max_depth': 6, 'n_estimators': 100, 'subsample': 0.7}",-38.09770417537247,-31.433899224262614,-34.88804786362538,-34.806550421086826,2.7210972641521294,45,-14.200076462648578,-18.77132780020893,-21.00946720904566,-17.99362382396772,2.8337922989374253
0.6842571894327799,0.13948029166820894,0.040898402531941734,0.0030508402121231853,0.9,0.1,6,100,0.8,"{'colsample_bytree': 0.9, 'learning_rate': 0.1, 'max_depth': 6, 'n_estimators': 100, 'subsample': 0.8}",-38.3182385589654,-31.454505069090082,-34.64994370141939,-34.80756244315829,2.8043231038071093,46,-13.428098012069732,-18.35956069997928,-20.633136638330004,-17.47359845012634,3.007417744244941
0.916458527247111,0.1594949995063979,0.03984355926513672,0.0008823835429883831,0.7,0.05,8,100,0.7,"{'colsample_bytree': 0.7, 'learning_rate': 0.05, 'max_depth': 8, 'n_estimators': 100, 'subsample': 0.7}",-38.55263684972603,-31.25604078742315,-34.62268566689176,-34.81045443468031,2.9817803805468404,47,-13.063070929999979,-17.1317072929254,-19.39006118402265,-16.52827980231601,2.6179884098217885
2.949230670928955,0.19098012901243697,0.09038464228312175,0.0012415524188997254,0.9,0.05,8,200,0.7,"{'colsample_bytree': 0.9, 'learning_rate': 0.05, 'max_depth': 8, 'n_estimators': 200, 'subsample': 0.7}",-38.36352096110189,-31.646003093080296,-34.42961404922471,-34.81304603446896,2.7557850233377077,48,-8.976102916973316,-13.471017306269369,-15.704869262241571,-12.717329828494753,2.798226550623254
2.1519575913747153,0.3246212408448875,0.09155750274658203,0.00981817459266765,0.8,0.05,8,200,0.8,"{'colsample_bytree': 0.8, 'learning_rate': 0.05, 'max_depth': 8, 'n_estimators': 200, 'subsample': 0.8}",-38.02576791868906,-31.79213413764491,-34.671516601756295,-34.82980621936343,2.5473305283931205,49,-8.492355625833268,-13.099241018701575,-15.520150829178805,-12.370582491237883,2.9149824233061623
2.815515120824178,0.27277965001151616,0.11361098289489746,0.004069545018137106,0.7,0.05,8,300,0.8,"{'colsample_bytree': 0.7, 'learning_rate': 0.05, 'max_depth': 8, 'n_estimators': 300, 'subsample': 0.8}",-38.05633466203523,-31.827830663767728,-34.647205770716944,-34.843790365506635,2.546572813448177,50,-6.250683833532913,-10.690222154407005,-13.192989053332715,-10.04463168042421,2.8707131211933956
1.773364543914795,0.23425881824827605,0.08198102315266927,0.01797068039544931,0.7,0.05,8,200,0.7,"{'colsample_bytree': 0.7, 'learning_rate': 0.05, 'max_depth': 8, 'n_estimators': 200, 'subsample': 0.7}",-38.507796562683055,-31.481682998752426,-34.59796727721406,-34.862482279549845,2.8744905743636284,51,-9.343197515561178,-13.83458540925116,-16.048102102282638,-13.075295009031658,2.7894238130432045
0.9182107448577881,0.17853064857568324,0.055201450983683266,0.001802182812821499,0.7,0.1,6,200,0.8,"{'colsample_bytree': 0.7, 'learning_rate': 0.1, 'max_depth': 6, 'n_estimators': 200, 'subsample': 0.8}",-38.886097114894135,-31.225274532664912,-34.50013438413147,-34.870502010563506,3.13846350869657,52,-10.11580746643855,-15.271660748540029,-17.751241424280305,-14.379569879752962,3.1803388205001784
0.9405117829640707,0.1810026484765814,0.05752833684285482,0.0022313903811051108,0.7,0.1,6,200,0.9,"{'colsample_bytree': 0.7, 'learning_rate': 0.1, 'max_depth': 6, 'n_estimators': 200, 'subsample': 0.9}",-38.48870171606027,-31.613056407564674,-34.531753007145916,-34.87783704359029,2.8176178144277118,53,-10.009093258651017,-14.98472170418332,-17.63740206358968,-14.21040567547467,3.1620086221801618
1.4672853151957195,0.32713419110366954,0.07359019915262859,0.020068764110617206,0.9,0.05,8,100,0.8,"{'colsample_bytree': 0.9, 'learning_rate': 0.05, 'max_depth': 8, 'n_estimators': 100, 'subsample': 0.8}",-38.41348606996723,-31.528007747099355,-34.76067750651313,-34.900723774526575,2.812728527196704,54,-12.294402425897283,-16.39661102471901,-18.774450277600945,-15.821821242739082,2.6765079874335904
1.2561618487040203,0.23566248226293457,0.07205820083618164,0.005273936305859106,0.9,0.1,6,200,0.9,"{'colsample_bytree': 0.9, 'learning_rate': 0.1, 'max_depth': 6, 'n_estimators': 200, 'subsample': 0.9}",-38.39795106430122,-31.579985509314856,-34.80759641691198,-34.92851099684268,2.784735634247889,55,-9.613858348560907,-14.89012252084894,-17.22219623083274,-13.908725700080863,3.1826672380843744
3.109903573989868,0.5389586895393674,0.1524683634440104,0.0396013530939017,0.8,0.05,8,300,0.7,"{'colsample_bytree': 0.8, 'learning_rate': 0.05, 'max_depth': 8, 'n_estimators': 300, 'subsample': 0.7}",-38.56012540937958,-31.495573625297684,-34.74166042169785,-34.93245315212504,2.8872448663020798,56,-6.713917307384828,-11.311755823463216,-13.500064190874633,-10.508579107240893,2.8280460874587194
4.012538194656372,0.6598921377555219,0.12113078435262044,0.005104779123821227,0.8,0.05,10,200,0.7,"{'colsample_bytree': 0.8, 'learning_rate': 0.05, 'max_depth': 10, 'n_estimators': 200, 'subsample': 0.7}",-38.32145424770417,-31.483072871345883,-34.99877024615894,-34.93443245506966,2.792128157953194,57,-5.206316809102936,-8.748151226541646,-10.926560323101715,-8.293676119582098,2.357287591278826
2.888798475265503,0.35889870913635774,0.11810564994812012,0.0060391282482907685,0.7,0.05,8,300,0.9,"{'colsample_bytree': 0.7, 'learning_rate': 0.05, 'max_depth': 8, 'n_estimators': 300, 'subsample': 0.9}",-38.609854637274516,-31.590772020564355,-34.626656297690516,-34.942427651843126,2.8742145426914143,58,-5.848533709778661,-10.444460870999078,-12.755652173998604,-9.682882251592114,2.870780714352268
2.9260663191477456,0.443990733082745,0.09860881169637044,0.01121508474712132,0.9,0.05,8,200,0.8,"{'colsample_bytree': 0.9, 'learning_rate': 0.05, 'max_depth': 8, 'n_estimators': 200, 'subsample': 0.8}",-38.291794232054656,-31.708203148115974,-34.837009775763526,-34.94566905197805,2.6888377934044074,59,-8.466643025069173,-12.994108346813942,-15.329631830204434,-12.263461067362515,2.8490393609168576
1.114022970199585,0.1963809201302864,0.04701813062032064,0.008860225657618499,0.8,0.05,8,100,0.9,"{'colsample_bytree': 0.8, 'learning_rate': 0.05, 'max_depth': 8, 'n_estimators': 100, 'subsample': 0.9}",-38.702809620597144,-31.42235072631972,-34.73210824795415,-34.95242286495701,2.9763147599746733,60,-11.814924641001381,-16.255651906371607,-18.60492651588528,-15.558501021086087,2.8154982842441343
0.7392447789510092,0.0977336164231364,0.04776231447855631,0.009451112176770027,0.9,0.15,6,100,0.9,"{'colsample_bytree': 0.9, 'learning_rate': 0.15, 'max_depth': 6, 'n_estimators': 100, 'subsample': 0.9}",-38.56711549528533,-31.582569011922825,-34.72428151807938,-34.95798867509584,2.856213889165564,61,-11.263566393231251,-16.35008640385224,-18.741470600896893,-15.451707799326796,3.1182341073709967
1.2246998151143391,0.1259279744844002,0.04737091064453125,0.0008655912081803183,0.8,0.1,8,100,0.8,"{'colsample_bytree': 0.8, 'learning_rate': 0.1, 'max_depth': 8, 'n_estimators': 100, 'subsample': 0.8}",-38.35223795422573,-31.638209482896773,-34.936697521046526,-34.97571498605634,2.741129493522187,62,-8.696068183327869,-13.219399321607021,-15.817667831880419,-12.577711778938436,2.9425745604122464
2.155883471171061,0.3178218249743674,0.08686168988545735,0.0025767489872049534,0.8,0.05,8,200,0.9,"{'colsample_bytree': 0.8, 'learning_rate': 0.05, 'max_depth': 8, 'n_estimators': 200, 'subsample': 0.9}",-38.65117338426832,-31.619612776812385,-34.664656078049624,-34.97848074637678,2.8791868743240103,63,-8.189129967324742,-12.89042935107591,-15.182588939533881,-12.087382752644844,2.9109883749260494
3.3220383326212564,0.3027616584091015,0.14318474133809408,0.015305723167908333,0.8,0.05,8,300,0.8,"{'colsample_bytree': 0.8, 'learning_rate': 0.05, 'max_depth': 8, 'n_estimators': 300, 'subsample': 0.8}",-38.19689030558404,-31.97011213317742,-34.8123690070154,-34.99312381525895,2.545282672922238,64,-5.897098711102597,-10.531592872007375,-13.151832769149854,-9.86017478408661,2.999543659718712
0.579084555308024,0.09950757627868745,0.03571502367655436,0.0011783818487610517,0.7,0.15,6,100,0.8,"{'colsample_bytree': 0.7, 'learning_rate': 0.15, 'max_depth': 6, 'n_estimators': 100, 'subsample': 0.8}",-38.49643529951126,-31.72985364442373,-34.78181527418249,-35.00270140603916,2.7668574034063425,65,-12.045865146464456,-16.725613431535216,-19.144146800476367,-15.971875126158679,2.9464658700059
2.239186684290568,0.3472770966796861,0.05903442700703939,0.002148987123208356,0.8,0.05,10,100,0.7,"{'colsample_bytree': 0.8, 'learning_rate': 0.05, 'max_depth': 10, 'n_estimators': 100, 'subsample': 0.7}",-38.55280610960962,-31.415632848287437,-35.041223559173886,-35.00322083902365,2.9138626935835754,66,-9.053674142062093,-12.824070788104402,-14.960921320769957,-12.279555416978816,2.4421663947722085
1.3557676474253337,0.15158448231129076,0.06999572118123372,0.005656971998339331,0.8,0.1,6,200,0.7,"{'colsample_bytree': 0.8, 'learning_rate': 0.1, 'max_depth': 6, 'n_estimators': 200, 'subsample': 0.7}",-38.090121031109064,-31.75899223530611,-35.2530295606059,-35.034047609007025,2.5893065710862797,67,-10.359139634862991,-15.483129733581643,-18.00994407132766,-14.617404479924097,3.1828511633829373
3.9594958623250327,0.5398753530013994,0.14847906430562338,0.015079591412409783,0.9,0.05,8,300,0.7,"{'colsample_bytree': 0.9, 'learning_rate': 0.05, 'max_depth': 8, 'n_estimators': 300, 'subsample': 0.7}",-38.699873181126165,-31.835202063412595,-34.5712776443427,-35.03545096296049,2.821644915160919,68,-6.272720971434438,-10.817339287965309,-13.205391720642927,-10.098483993347559,2.87553422632882
2.6924922466278076,0.27063933033169163,0.11249351501464844,0.001805085657734658,0.7,0.05,8,300,0.7,"{'colsample_bytree': 0.7, 'learning_rate': 0.05, 'max_depth': 8, 'n_estimators': 300, 'subsample': 0.7}",-38.716077724722666,-31.64608064339718,-34.750638466656525,-35.037598944925456,2.8934379112691038,69,-6.747028581040132,-11.294944832770947,-13.517937341615582,-10.519970251808887,2.818006453962604
0.6661442915598551,0.12456915349732921,0.039755026499430336,0.0013224105277827283,0.9,0.15,6,100,0.7,"{'colsample_bytree': 0.9, 'learning_rate': 0.15, 'max_depth': 6, 'n_estimators': 100, 'subsample': 0.7}",-38.62550968128449,-31.618752584117402,-34.95881147581498,-35.06769124707229,2.8615324982856216,70,-12.042960398110813,-16.905133013131064,-19.244408345762547,-16.06416725233481,2.9995144822463145
1.2249417304992676,0.1413051154127188,0.06911325454711914,0.005755004835249102,0.8,0.1,6,200,0.9,"{'colsample_bytree': 0.8, 'learning_rate': 0.1, 'max_depth': 6, 'n_estimators': 200, 'subsample': 0.9}",-39.03256531955528,-31.52550134120438,-34.69759307844669,-35.085219913068784,3.0769783138606166,71,-9.844310013051075,-14.865091933380567,-17.37507411617785,-14.028158687536497,3.130861962009293
3.888635794321696,0.4936873760547481,0.1372983455657959,0.003615479627021633,0.9,0.05,8,300,0.8,"{'colsample_bytree': 0.9, 'learning_rate': 0.05, 'max_depth': 8, 'n_estimators': 300, 'subsample': 0.8}",-38.49833641002812,-31.854033129620678,-34.91850516209798,-35.090291567248926,2.715243935911256,72,-5.80790176045653,-10.35826216892932,-12.85145554830988,-9.672539825898577,2.916113148169952
6.814908107121785,1.0139204781189886,0.2298142115275065,0.06520212455702609,0.8,0.05,10,300,0.7,"{'colsample_bytree': 0.8, 'learning_rate': 0.05, 'max_depth': 10, 'n_estimators': 300, 'subsample': 0.7}",-38.485119794441,-31.653936719280722,-35.14049489303494,-35.09318380225222,2.789019458050008,73,-2.8203445600788797,-5.820692963847538,-7.889198134748684,-5.510078552891701,2.080974150821484
1.2184319496154785,0.23354596464607524,0.06859763463338216,0.003295253314669807,0.9,0.1,6,200,0.7,"{'colsample_bytree': 0.9, 'learning_rate': 0.1, 'max_depth': 6, 'n_estimators': 200, 'subsample': 0.7}",-38.57107653802746,-31.685406694762424,-35.033236553882325,-35.09657326222407,2.811419683075921,74,-10.139885933617489,-15.195454025271273,-17.77630388734791,-14.370547948745559,3.171652809638414
1.2255637645721436,0.13313355314169467,0.047224203745524086,0.0015449865156560182,0.8,0.1,8,100,0.9,"{'colsample_bytree': 0.8, 'learning_rate': 0.1, 'max_depth': 8, 'n_estimators': 100, 'subsample': 0.9}",-39.0425296303319,-31.58756863721552,-34.717667329227226,-35.11592186559155,3.0564757329341217,75,-8.175603232101812,-12.879226095780947,-15.189423857192851,-12.081417728358536,2.9184234994924942
3.4828786055246987,0.40313472904556796,0.12459921836853027,0.006285336943037638,0.8,0.05,8,300,0.9,"{'colsample_bytree': 0.8, 'learning_rate': 0.05, 'max_depth': 8, 'n_estimators': 300, 'subsample': 0.9}",-38.82049725242995,-31.76394309277968,-34.76992710049437,-35.11812248190133,2.8913283186964716,76,-5.651685190261565,-10.293172011979799,-12.784687188039072,-9.576514796760145,2.9557996716251784
1.003352403640747,0.13958005034117876,0.0413354237874349,0.0015941134795647762,0.7,0.1,8,100,0.7,"{'colsample_bytree': 0.7, 'learning_rate': 0.1, 'max_depth': 8, 'n_estimators': 100, 'subsample': 0.7}",-38.327597991715564,-32.02564473848802,-35.015559165791394,-35.12293396533166,2.573881726387668,77,-9.824126122810124,-13.95640689565024,-16.30049391548392,-13.360342311314762,2.677350019206788
0.6827310721079508,0.1360286391004597,0.037927707036336265,0.0011200493151844733,0.8,0.15,6,100,0.7,"{'colsample_bytree': 0.8, 'learning_rate': 0.15, 'max_depth': 6, 'n_estimators': 100, 'subsample': 0.7}",-38.75167010796627,-31.525144190412576,-35.144059960089905,-35.14029141948958,2.9502180552960837,78,-12.433303485057113,-17.146734822953135,-19.48540834425333,-16.355148884087857,2.932916859854894
1.6110464731852214,0.324459312173369,0.09397403399149577,0.002757067818994959,0.7,0.1,6,300,0.9,"{'colsample_bytree': 0.7, 'learning_rate': 0.1, 'max_depth': 6, 'n_estimators': 300, 'subsample': 0.9}",-38.858403787705385,-31.858783454952814,-34.709066749290564,-35.14208466398292,2.8739403364839466,79,-7.476728002730072,-12.597465964040365,-15.387111881097,-11.820435282622478,3.275807868366765
0.669593334197998,0.18897079492315316,0.0446463425954183,0.004260670144291737,0.7,0.15,6,100,0.7,"{'colsample_bytree': 0.7, 'learning_rate': 0.15, 'max_depth': 6, 'n_estimators': 100, 'subsample': 0.7}",-38.118794636209934,-32.136011769075445,-35.17408292215521,-35.14296310914686,2.4425600014316604,80,-12.292562969596117,-17.086639713404214,-19.544513780898793,-16.307905487966377,3.0113693327996804
0.6828382015228271,0.1530667526886349,0.041293938954671226,0.0027061123101107675,0.8,0.15,6,100,0.8,"{'colsample_bytree': 0.8, 'learning_rate': 0.15, 'max_depth': 6, 'n_estimators': 100, 'subsample': 0.8}",-38.50477839440909,-31.86591200621158,-35.0596345244661,-35.143441641695595,2.710953639682094,81,-11.778188925185855,-16.706035880720883,-19.041891703115436,-15.842038836340725,3.0276737694197626
3.5676400661468506,0.5987716563192383,0.11646763483683269,0.005378644292268839,0.7,0.05,10,200,0.7,"{'colsample_bytree': 0.7, 'learning_rate': 0.05, 'max_depth': 10, 'n_estimators': 200, 'subsample': 0.7}",-38.610656315268045,-31.84427359156685,-34.99378776483995,-35.14957255722495,2.7645596957507634,82,-5.3349081325926155,-8.910258939101082,-11.099863060129012,-8.448343377274236,2.3760893387840594
1.93873929977417,0.40237142168713824,0.05561645825703939,0.0038300112773067474,0.7,0.05,10,100,0.7,"{'colsample_bytree': 0.7, 'learning_rate': 0.05, 'max_depth': 10, 'n_estimators': 100, 'subsample': 0.7}",-38.91117271419872,-31.649832691797812,-34.904052413699034,-35.15501927323185,2.9697365768328265,83,-9.210364594413432,-12.981755887038334,-15.144139344506447,-12.445419941986072,2.4519601520248626
2.311875502268473,0.3588228486120441,0.06043108304341634,0.006817476043772744,0.8,0.05,10,100,0.8,"{'colsample_bytree': 0.8, 'learning_rate': 0.05, 'max_depth': 10, 'n_estimators': 100, 'subsample': 0.8}",-38.682612467282006,-31.905810953976637,-34.916686571434006,-35.16836999756421,2.7723357297804516,84,-8.332038293394486,-11.95681129964374,-14.294839583464862,-11.527896392167696,2.453123968141795
4.638286113739014,0.7001896259597109,0.13220826784769693,0.005645069224989123,0.8,0.05,10,200,0.8,"{'colsample_bytree': 0.8, 'learning_rate': 0.05, 'max_depth': 10, 'n_estimators': 200, 'subsample': 0.8}",-38.52395372862383,-32.03831235485111,-34.98060459575891,-35.180956893077955,2.6515394006223243,85,-4.424220557090671,-7.834269144090822,-10.12824842614617,-7.462246042442554,2.3434709832298544
2.914581378300985,0.36383114408963546,0.09067416191101074,0.00194381280928648,0.9,0.05,8,200,0.9,"{'colsample_bytree': 0.9, 'learning_rate': 0.05, 'max_depth': 8, 'n_estimators': 200, 'subsample': 0.9}",-39.25306038504752,-31.52858481418725,-34.79505457028136,-35.192233256505375,3.1659852487335063,86,-7.970462648738011,-12.540058074192228,-15.071478856111083,-11.860666526347108,2.9385129403386223
0.7671497662862142,0.19748466092430317,0.04282236099243164,0.0063351673071758196,0.9,0.15,6,100,0.8,"{'colsample_bytree': 0.9, 'learning_rate': 0.15, 'max_depth': 6, 'n_estimators': 100, 'subsample': 0.8}",-38.67523774449183,-31.909717664414334,-35.05993607290883,-35.21496382727167,2.7641865219204536,87,-11.72641914042292,-16.615212322953855,-18.93775352004138,-15.759794994472719,3.005510493306824
4.023145437240601,0.5447968936909245,0.12544473012288412,0.0027032575553773623,0.7,0.05,10,200,0.9,"{'colsample_bytree': 0.7, 'learning_rate': 0.05, 'max_depth': 10, 'n_estimators': 200, 'subsample': 0.9}",-38.82399461962654,-31.89602912271639,-34.93487085087414,-35.218298197739024,2.835421753144498,88,-4.1577254002389035,-7.6420708840563,-9.729583240587054,-7.17645984162742,2.2984045452423545
3.815004507700602,0.5361675035196276,0.12050064404805501,0.0039694479160458235,0.7,0.05,10,200,0.8,"{'colsample_bytree': 0.7, 'learning_rate': 0.05, 'max_depth': 10, 'n_estimators': 200, 'subsample': 0.8}",-38.64605225723865,-31.993722493708876,-35.015215051086614,-35.21832993401138,2.7195973430436577,89,-4.4540745368952415,-8.10372024837756,-10.2943179382586,-7.617370907843799,2.4089434070521842
1.5450161298116047,0.3554029173952735,0.09075252215067546,0.0025383050911344713,0.7,0.1,6,300,0.8,"{'colsample_bytree': 0.7, 'learning_rate': 0.1, 'max_depth': 6, 'n_estimators': 300, 'subsample': 0.8}",-39.22915939240481,-31.58369547308448,-34.85678087010103,-35.22321191186344,3.131983760779799,90,-7.4840711172086465,-12.798228669028607,-15.474094451686833,-11.918798079308027,3.320659256129591
1.2484118143717449,0.20442823946598038,0.06982922554016113,0.0030866887716158487,0.9,0.1,6,200,0.8,"{'colsample_bytree': 0.9, 'learning_rate': 0.1, 'max_depth': 6, 'n_estimators': 200, 'subsample': 0.8}",-38.985545724396864,-31.887149158681776,-34.80972794955725,-35.2274742775453,2.912924355002439,91,-9.782058152664263,-14.962527175096444,-17.578174741813356,-14.10758668985802,3.2396554233309245
1.1661771138509114,0.20094018457260843,0.06961989402770996,0.011640268836924839,0.8,0.1,6,200,0.8,"{'colsample_bytree': 0.8, 'learning_rate': 0.1, 'max_depth': 6, 'n_estimators': 200, 'subsample': 0.8}",-39.47585937527539,-31.474675144793938,-34.74742356197677,-35.232652694015364,3.2844403638428745,92,-10.120302920555,-15.00436465047552,-17.63301750767359,-14.252561692901372,3.112782879476074
2.2467007637023926,0.4412735197042326,0.05417823791503906,0.0031202188835375,0.9,0.05,8,100,0.9,"{'colsample_bytree': 0.9, 'learning_rate': 0.05, 'max_depth': 8, 'n_estimators': 100, 'subsample': 0.9}",-39.44189780571338,-31.440233982521374,-34.82474335686451,-35.23562504836642,3.2795603168873657,93,-11.64939798918257,-15.915625545758457,-18.461325237247255,-15.342116257396095,2.810370424707979
1.1968689759572346,0.19369579428273742,0.06772160530090332,0.001537286552012165,0.8,0.15,6,200,0.9,"{'colsample_bytree': 0.8, 'learning_rate': 0.15, 'max_depth': 6, 'n_estimators': 200, 'subsample': 0.9}",-38.77597238206302,-32.06490677337341,-34.87272874546731,-35.23786930030125,2.7519200714679717,94,-7.242419544190228,-12.584357334062343,-15.238051440787897,-11.688276106346821,3.325131930362125
2.1203484535217285,0.37861057110642354,0.05700357755025228,0.006000243935209694,0.7,0.05,10,100,0.8,"{'colsample_bytree': 0.7, 'learning_rate': 0.05, 'max_depth': 10, 'n_estimators': 100, 'subsample': 0.8}",-38.842120358386516,-31.94296262402798,-34.932720393597336,-35.23926779200394,2.8248979735549384,95,-8.41184631644572,-12.16529265684383,-14.43275190880074,-11.66996362736343,2.482853086484375
2.4098183314005532,0.20480484498111318,0.10218993822733562,0.0022659591110537327,0.9,0.1,6,300,0.9,"{'colsample_bytree': 0.9, 'learning_rate': 0.1, 'max_depth': 6, 'n_estimators': 300, 'subsample': 0.9}",-38.78739776677423,-31.887780539706426,-35.04291059945526,-35.23936296864531,2.8201802093758688,96,-7.13827920350457,-12.466083318777594,-14.950441254016468,-11.518267925432879,3.258960416120501
1.0710251331329346,0.14795157321629337,0.042953888575236,0.0029635176342557097,0.7,0.1,8,100,0.8,"{'colsample_bytree': 0.7, 'learning_rate': 0.1, 'max_depth': 8, 'n_estimators': 100, 'subsample': 0.8}",-39.057628011112584,-31.693609688403562,-35.00595728145946,-35.252398326991866,3.01139406875408,97,-8.785176169781462,-13.325909571720416,-15.815337851575421,-12.642141197692434,2.9104922504657376
1.0721995830535889,0.18503252936623246,0.044384400049845375,0.002644611733288992,0.7,0.1,8,100,0.9,"{'colsample_bytree': 0.7, 'learning_rate': 0.1, 'max_depth': 8, 'n_estimators': 100, 'subsample': 0.9}",-38.97848366541395,-31.718615137317816,-35.074099996423975,-35.257066266385245,2.966651339278888,98,-8.308059764258712,-12.985616965085258,-15.346493220831542,-12.213389983391837,2.924851821214474
2.156420866648356,0.35180846512176617,0.06083393096923828,0.0035988590891479024,0.7,0.05,10,100,0.9,"{'colsample_bytree': 0.7, 'learning_rate': 0.05, 'max_depth': 10, 'n_estimators': 100, 'subsample': 0.9}",-39.054511749778925,-31.78591039059549,-34.934574099107216,-35.258332079827206,2.9762118934691393,99,-7.8292112799627676,-11.641703748484115,-13.885813244951647,-11.118909424466176,2.5000789680189195
4.935252904891968,0.862188135995493,0.15420214335123697,0.015167415652362586,0.9,0.05,10,200,0.7,"{'colsample_bytree': 0.9, 'learning_rate': 0.05, 'max_depth': 10, 'n_estimators': 200, 'subsample': 0.7}",-38.73617824129319,-31.934573640236877,-35.141074844339954,-35.27060890862334,2.778253719231432,100,-5.089156427500269,-8.588924525865723,-10.642938878790638,-8.107006610718877,2.292787028453919
2.6479175090789795,0.4993788869434939,0.06760191917419434,0.01250170485106539,0.9,0.05,10,100,0.7,"{'colsample_bytree': 0.9, 'learning_rate': 0.05, 'max_depth': 10, 'n_estimators': 100, 'subsample': 0.7}",-38.94833756304042,-31.7656329571933,-35.12850116624679,-35.280823895493505,2.9343043495972743,101,-8.970529866025451,-12.657768907406044,-14.728911099623243,-12.119069957684914,2.3815101688754545
0.9123440583546957,0.19269088553844196,0.056743621826171875,0.0017518911965428846,0.7,0.1,6,200,0.7,"{'colsample_bytree': 0.7, 'learning_rate': 0.1, 'max_depth': 6, 'n_estimators': 200, 'subsample': 0.7}",-38.7340989712047,-31.815530793603088,-35.30560789389619,-35.28507921956799,2.824530931781144,102,-10.356963136788119,-15.600930215920854,-17.972400357323558,-14.64343123667751,3.1818573440071303
5.417916138966878,0.83018985803919,0.17285370826721191,0.00889408526974512,0.7,0.05,10,300,0.7,"{'colsample_bytree': 0.7, 'learning_rate': 0.05, 'max_depth': 10, 'n_estimators': 300, 'subsample': 0.7}",-38.79403158529897,-32.019283757784365,-35.044806134166144,-35.2860404924165,2.7710344089411567,103,-3.0202030228754806,-6.1035017891967875,-8.010213714651737,-5.711306175574669,2.0559531002301035
1.1845962206522624,0.12431241983120662,0.05186978975931803,0.00879711117696527,0.8,0.1,8,100,0.7,"{'colsample_bytree': 0.8, 'learning_rate': 0.1, 'max_depth': 8, 'n_estimators': 100, 'subsample': 0.7}",-38.89203877529749,-31.70857854533068,-35.28547545718297,-35.29536425927038,2.932643694710031,104,-9.429575447790391,-13.80377411850212,-16.12867882927295,-13.120676131855154,2.7772244745991297
1.0514841079711914,0.2044597622245673,0.06975682576497395,0.010493790800018006,0.7,0.15,6,200,0.9,"{'colsample_bytree': 0.7, 'learning_rate': 0.15, 'max_depth': 6, 'n_estimators': 200, 'subsample': 0.9}",-38.94803112056786,-32.08531992187602,-34.87958600998265,-35.30431235080885,2.8177408915188664,105,-7.500565254419623,-12.816153527138868,-15.477563892368865,-11.931427557975786,3.316140512487841
5.74540114402771,0.7402325608298568,0.16183884938557944,0.007183760478267561,0.7,0.05,10,300,0.9,"{'colsample_bytree': 0.7, 'learning_rate': 0.05, 'max_depth': 10, 'n_estimators': 300, 'subsample': 0.9}",-38.88471283744227,-32.01666139156593,-35.01232120345961,-35.30456514415594,2.8114750051003847,106,-2.139183751260711,-4.9947577044368545,-7.061771695649565,-4.731904383782377,2.0182148743704067
7.312207539876302,1.1796336628974398,0.18976306915283203,0.014128825973339988,0.8,0.05,10,300,0.8,"{'colsample_bytree': 0.8, 'learning_rate': 0.05, 'max_depth': 10, 'n_estimators': 300, 'subsample': 0.8}",-38.62138414638845,-32.21462911116588,-35.110897494997786,-35.315636917517374,2.6195503677396865,107,-2.2996346376444134,-5.125959026546251,-7.277547919499185,-4.901047194563283,2.0384379901517704
1.9739129543304443,0.42434877104839147,0.06306783358256023,0.011175753684948058,0.7,0.1,10,100,0.7,"{'colsample_bytree': 0.7, 'learning_rate': 0.1, 'max_depth': 10, 'n_estimators': 100, 'subsample': 0.7}",-38.15721595281169,-32.42491761710937,-35.37058101250823,-35.31757152747644,2.340501165206773,108,-5.953212841258279,-8.912711744061028,-11.330370476537933,-8.732098353952413,2.1989273076019686
5.815352042516072,0.7261889118328103,0.16144959131876627,0.0021815843639073347,0.7,0.05,10,300,0.8,"{'colsample_bytree': 0.7, 'learning_rate': 0.05, 'max_depth': 10, 'n_estimators': 300, 'subsample': 0.8}",-38.764656343011296,-32.15200615414366,-35.10439323572679,-35.340351910960585,2.7047542097075845,109,-2.3426325193393676,-5.37389955458019,-7.475008541093353,-5.063846871670971,2.106722637463733
1.0184331734975178,0.18457128328751904,0.04096174240112305,0.0006814774039610121,0.7,0.15,8,100,0.8,"{'colsample_bytree': 0.7, 'learning_rate': 0.15, 'max_depth': 8, 'n_estimators': 100, 'subsample': 0.8}",-38.57594704460104,-32.17979495503601,-35.27847342054602,-35.34473847339436,2.6116385254131824,110,-6.33159923358653,-10.967871987413524,-13.58946015341786,-10.296310458139304,3.0008201599567816
2.35434357325236,0.327757623987701,0.09410651524861653,0.003951355726068362,0.8,0.1,8,200,0.8,"{'colsample_bytree': 0.8, 'learning_rate': 0.1, 'max_depth': 8, 'n_estimators': 200, 'subsample': 0.8}",-38.767059746898305,-32.07067509592026,-35.199601109438404,-35.34577865075232,2.7357409421278702,111,-4.479182691854103,-8.679264593180779,-11.600454696088098,-8.252967327040993,2.922832616818875
1.8674596150716145,0.29934504299662834,0.10483717918395996,0.011106222881787394,0.8,0.1,6,300,0.7,"{'colsample_bytree': 0.8, 'learning_rate': 0.1, 'max_depth': 6, 'n_estimators': 300, 'subsample': 0.7}",-38.505327745049016,-32.022948222175636,-35.53735358430995,-35.355209850511535,2.649552581658967,112,-7.826909084616645,-13.11973929199817,-15.64432039507719,-12.196989590564002,3.25746119525127
4.583599328994751,0.7992062716247411,0.12603759765625,0.005731345993383532,0.8,0.05,10,200,0.9,"{'colsample_bytree': 0.8, 'learning_rate': 0.05, 'max_depth': 10, 'n_estimators': 200, 'subsample': 0.9}",-39.116048054509825,-31.885896446931806,-35.08140787573762,-35.36111745905975,2.958316092576139,113,-3.9664616995008624,-7.423788289910555,-9.586719936133157,-6.992323308514858,2.3146557964754906
2.015012184778849,0.4079675302332635,0.11191765467325847,0.0062152622325431055,0.8,0.1,6,300,0.9,"{'colsample_bytree': 0.8, 'learning_rate': 0.1, 'max_depth': 6, 'n_estimators': 300, 'subsample': 0.9}",-39.25534643903518,-31.82164526430596,-35.034705479059205,-35.37056572746678,3.044074010120641,114,-7.351576566474371,-12.486848020681284,-15.174291733149243,-11.670905440101635,3.2453083947788897
3.9509122371673584,0.7035863426102404,0.15011127789815268,0.02068101678395164,0.9,0.05,8,300,0.9,"{'colsample_bytree': 0.9, 'learning_rate': 0.05, 'max_depth': 8, 'n_estimators': 300, 'subsample': 0.9}",-39.436935951860534,-31.717918246333827,-34.95950581885149,-35.37145333901528,3.1647100082088113,115,-5.575519682777355,-9.954130372814591,-12.547105259064548,-9.358918438218831,2.877088724988951
5.567942301432292,0.85421532215105,0.13626019159952799,0.004332896544339266,0.9,0.05,10,200,0.8,"{'colsample_bytree': 0.9, 'learning_rate': 0.05, 'max_depth': 10, 'n_estimators': 200, 'subsample': 0.8}",-38.93914008374546,-32.10913956714909,-35.06987593914991,-35.37271853001482,2.796546917218683,116,-4.200821913248607,-7.808220347213701,-9.916791061711754,-7.3086111073913544,2.3601246959899567
2.897164742151896,0.47862475770863394,0.09419941902160645,0.013493707119311174,0.9,0.05,10,100,0.8,"{'colsample_bytree': 0.9, 'learning_rate': 0.05, 'max_depth': 10, 'n_estimators': 100, 'subsample': 0.8}",-39.134397429792976,-31.95532644169513,-35.03003936640421,-35.37325441263077,2.940874301859258,117,-8.270351645347509,-11.837379348598164,-14.045550403866887,-11.384427132604188,2.3793702889043753
1.322312355041504,0.14829765066747658,0.04575840632120768,0.00245783052650949,0.9,0.1,8,100,0.7,"{'colsample_bytree': 0.9, 'learning_rate': 0.1, 'max_depth': 8, 'n_estimators': 100, 'subsample': 0.7}",-38.43593404081552,-32.10343723954321,-35.59427882289037,-35.377883367749696,2.589755352574853,118,-9.273327408798872,-13.697854569638645,-15.87122447364351,-12.947468817360344,2.7453439981768013
2.335959275563558,0.787853083417408,0.11298974355061848,0.004611033368976627,0.9,0.1,6,300,0.7,"{'colsample_bytree': 0.9, 'learning_rate': 0.1, 'max_depth': 6, 'n_estimators': 300, 'subsample': 0.7}",-38.914278342257205,-32.050613540601816,-35.237646660226766,-35.40084618102859,2.8044546932886663,119,-7.565893721256948,-12.807033045228234,-15.345648267501566,-11.906191677995585,3.239319020683374
2.3894785245259604,0.41365004115027104,0.06384158134460449,0.0063703756199387064,0.8,0.05,10,100,0.9,"{'colsample_bytree': 0.8, 'learning_rate': 0.05, 'max_depth': 10, 'n_estimators': 100, 'subsample': 0.9}",-39.33771600822476,-31.84814773493612,-35.072013920432106,-35.41929255453099,3.067448458392212,120,-7.724154413498172,-11.487568172671129,-13.752275684699319,-10.987999423622874,2.4861936390590014
8.317921241124472,1.2809255991481334,0.18350656827290854,0.0009378522303417708,0.9,0.05,10,300,0.7,"{'colsample_bytree': 0.9, 'learning_rate': 0.05, 'max_depth': 10, 'n_estimators': 300, 'subsample': 0.7}",-38.93474239218197,-32.0861127574448,-35.24016679224398,-35.42034064729025,2.798842490742879,121,-2.6869669308066504,-5.628508192455321,-7.563532562834198,-5.293002562032057,2.0049349302662076
1.3439151446024578,0.20520856417753905,0.05287599563598633,0.007749965007750211,0.9,0.1,8,100,0.9,"{'colsample_bytree': 0.9, 'learning_rate': 0.1, 'max_depth': 8, 'n_estimators': 100, 'subsample': 0.9}",-39.24844390031199,-31.795220501150034,-35.228788186758386,-35.424150862740134,3.0458999426364275,122,-7.937162698292365,-12.507725751399072,-15.201953515020767,-11.882280654904067,2.9986310853735203
2.4619860649108887,0.3551038410962947,0.10111467043558757,0.014491304181551942,0.8,0.1,8,200,0.9,"{'colsample_bytree': 0.8, 'learning_rate': 0.1, 'max_depth': 8, 'n_estimators': 200, 'subsample': 0.9}",-39.334130934285184,-31.901509598820397,-35.039671226044184,-35.425103919716584,3.0465700659501516,123,-4.102015926765583,-8.41897619652295,-10.871136467667334,-7.797376196985289,2.7982182597602376
1.2812564373016357,0.1844473193452951,0.04752206802368164,0.0022073743080274805,0.9,0.1,8,100,0.8,"{'colsample_bytree': 0.9, 'learning_rate': 0.1, 'max_depth': 8, 'n_estimators': 100, 'subsample': 0.8}",-39.2738884764979,-31.991484299542428,-35.13974008373866,-35.46837095325966,2.9820967271855587,124,-8.342548946281191,-12.800225776127759,-15.491931887234909,-12.211568869881285,2.9482544919611624
7.787487427393596,0.9810859240162554,0.17508085568745932,0.009549356516294509,0.8,0.05,10,300,0.9,"{'colsample_bytree': 0.8, 'learning_rate': 0.05, 'max_depth': 10, 'n_estimators': 300, 'subsample': 0.9}",-39.19904963254402,-32.00196534139799,-35.2071616267325,-35.46939220022484,2.944042484829413,125,-2.057711187277267,-4.85441826083534,-6.878661874631646,-4.596930440914751,1.9765485685121693
1.2780137062072754,0.19572756818128884,0.0716389815012614,0.00414283019388355,0.9,0.15,6,200,0.9,"{'colsample_bytree': 0.9, 'learning_rate': 0.15, 'max_depth': 6, 'n_estimators': 200, 'subsample': 0.9}",-39.20889302773399,-32.12803398608991,-35.092487341760105,-35.476471451861336,2.9034719491803673,126,-7.037069604605549,-12.42718052006386,-15.127837016848716,-11.530695713839373,3.363321085435001
1.3379151026407878,0.18049795711616112,0.05367835362752279,0.007153827438797609,0.9,0.15,8,100,0.8,"{'colsample_bytree': 0.9, 'learning_rate': 0.15, 'max_depth': 8, 'n_estimators': 100, 'subsample': 0.8}",-38.89492780759339,-32.4120403659501,-35.21184962374302,-35.5062725990955,2.654803327501008,127,-5.823792253188764,-10.692148179444079,-13.215144050552361,-9.910361494395067,3.0677258856018472
9.157440821329752,1.294933623240202,0.20346887906392416,0.027711685760466266,0.9,0.05,10,300,0.8,"{'colsample_bytree': 0.9, 'learning_rate': 0.05, 'max_depth': 10, 'n_estimators': 300, 'subsample': 0.8}",-39.05715124417065,-32.264705770458555,-35.20564990850098,-35.50916897437673,2.7812972687639292,128,-2.134690297630057,-4.919915019007229,-6.998497500503433,-4.684367605713573,1.992614206616145
2.5567265351613364,0.31386047563538283,0.07245786984761556,0.005452853652508454,0.8,0.1,10,100,0.8,"{'colsample_bytree': 0.8, 'learning_rate': 0.1, 'max_depth': 10, 'n_estimators': 100, 'subsample': 0.8}",-38.76435343639761,-32.133263343488046,-35.63288969160444,-35.510168823830035,2.708521646410495,129,-4.357400551733712,-8.027104169451363,-10.271083666208906,-7.551862795797994,2.4375264466300273
1.2458635965983074,0.20905190825562772,0.07119401295979817,0.0019050070409478235,0.8,0.15,6,200,0.8,"{'colsample_bytree': 0.8, 'learning_rate': 0.15, 'max_depth': 6, 'n_estimators': 200, 'subsample': 0.8}",-38.93925817386675,-32.31856375440812,-35.27552925077054,-35.5111170596818,2.708015861689559,130,-7.611556054253598,-12.822028776125011,-15.45801811113133,-11.963867647169982,3.2602732088934427
1.9734573364257812,0.2845781656463342,0.08461578687032063,0.00280213128028531,0.7,0.1,8,200,0.7,"{'colsample_bytree': 0.7, 'learning_rate': 0.1, 'max_depth': 8, 'n_estimators': 200, 'subsample': 0.7}",-38.732244446940435,-32.41129641872549,-35.428934698495844,-35.52415852138726,2.581394542514199,131,-4.932835198903567,-9.253702316595705,-11.965666704545216,-8.717401406681496,2.896077087621294
2.1788952350616455,0.35974915816628855,0.08380333582560222,0.0022237100364892928,0.7,0.1,8,200,0.9,"{'colsample_bytree': 0.7, 'learning_rate': 0.1, 'max_depth': 8, 'n_estimators': 200, 'subsample': 0.9}",-39.18805012855258,-32.02332074209373,-35.37675433503966,-35.52937506856199,2.9269787166430885,132,-4.210917555736151,-8.638157457663464,-11.153500423055679,-8.000858478818431,2.8698985706498816
2.518263578414917,0.5964990684704675,0.1099394957224528,0.006460033442018979,0.9,0.1,6,300,0.8,"{'colsample_bytree': 0.9, 'learning_rate': 0.1, 'max_depth': 6, 'n_estimators': 300, 'subsample': 0.8}",-39.26525875356916,-32.22670125205844,-35.098533582978064,-35.53016452953522,2.8896426400782462,133,-7.153262695194379,-12.412770039037241,-15.261050032686446,-11.609027588972689,3.358427739486242
1.8029555479685466,0.21938614804321102,0.09237043062845866,0.0019789844728616075,0.7,0.15,6,300,0.9,"{'colsample_bytree': 0.7, 'learning_rate': 0.15, 'max_depth': 6, 'n_estimators': 300, 'subsample': 0.9}",-39.07069885786943,-32.393423910027096,-35.13932662374153,-35.53448313054602,2.7402690477303087,134,-4.927246339637364,-10.083816671757774,-12.896692212757971,-9.302585074717703,3.300076664494337
3.551478385925293,0.6135138066054752,0.13652602831522623,0.002881903490245309,0.8,0.1,8,300,0.8,"{'colsample_bytree': 0.8, 'learning_rate': 0.1, 'max_depth': 8, 'n_estimators': 300, 'subsample': 0.8}",-38.94336927612359,-32.249461757673515,-35.41406996027459,-35.535633664690565,2.734127864245332,135,-2.3110026888143094,-5.704032604026051,-8.480979191575926,-5.4986714948054285,2.52306459159529
1.2187096277872722,0.1840533633908297,0.04649146397908529,0.004362487895877161,0.8,0.15,8,100,0.9,"{'colsample_bytree': 0.8, 'learning_rate': 0.15, 'max_depth': 8, 'n_estimators': 100, 'subsample': 0.9}",-39.35696344058127,-32.12896027577072,-35.1412877591451,-35.5424038251657,2.964419899569188,136,-5.562731558539071,-10.437263204379663,-12.759333666557486,-9.586442809825407,2.998965597571477
2.176121234893799,0.3231068395412111,0.08179140090942383,0.0018036899329734364,0.7,0.1,8,200,0.8,"{'colsample_bytree': 0.7, 'learning_rate': 0.1, 'max_depth': 8, 'n_estimators': 200, 'subsample': 0.8}",-39.36225708666681,-32.028414851882246,-35.29114439531316,-35.560605444620734,3.0000852681213255,137,-4.400940624706143,-8.813650133945973,-11.324013155878054,-8.179534638176724,2.8616790134986343
1.0674772262573242,0.19760033045604097,0.06357749303181966,0.0034990843372039266,0.7,0.15,6,200,0.8,"{'colsample_bytree': 0.7, 'learning_rate': 0.15, 'max_depth': 6, 'n_estimators': 200, 'subsample': 0.8}",-39.174163828073596,-32.28615591541331,-35.25176748630197,-35.57069574326296,2.8210458670540146,138,-7.610592694944303,-12.887049647792237,-15.650598330324147,-12.049413557686895,3.3353309000077873
2.233480453491211,0.3223451394595872,0.06057310104370117,0.002120471958439806,0.7,0.1,10,100,0.9,"{'colsample_bytree': 0.7, 'learning_rate': 0.1, 'max_depth': 10, 'n_estimators': 100, 'subsample': 0.9}",-39.23421484524052,-31.975597381960686,-35.52782088896467,-35.57921103872196,2.9635409653742273,139,-3.9884459371853573,-7.556344676055687,-9.791327745825381,-7.112039453022142,2.389757961199208
1.8478954633076985,0.23807261881480743,0.09605447451273601,0.003361606598426467,0.8,0.1,6,300,0.8,"{'colsample_bytree': 0.8, 'learning_rate': 0.1, 'max_depth': 6, 'n_estimators': 300, 'subsample': 0.8}",-40.05240056119738,-31.791334593283306,-34.89518015701206,-35.57963843716425,3.4071165799943604,140,-7.475029963664367,-12.551980773996746,-15.430983873382806,-11.81933153701464,3.2890608418137512
1.8586053848266602,0.33057383394080786,0.10926342010498047,0.0042941608913073075,0.8,0.15,6,300,0.9,"{'colsample_bytree': 0.8, 'learning_rate': 0.15, 'max_depth': 6, 'n_estimators': 300, 'subsample': 0.9}",-39.16440769021006,-32.33720353806678,-35.308208953896525,-35.60327339405779,2.7949927133651444,141,-4.82198684421428,-9.748809790137647,-12.677960652136452,-9.082919095496125,3.2415674120809133
1.4856836795806885,0.3034455637264802,0.08944320678710938,0.002082799680571711,0.7,0.1,6,300,0.7,"{'colsample_bytree': 0.7, 'learning_rate': 0.1, 'max_depth': 6, 'n_estimators': 300, 'subsample': 0.7}",-39.15140019168378,-32.05448660895063,-35.62952256903589,-35.61180312322343,2.897329929925767,142,-7.75772513268875,-13.185393326801897,-15.669077132029855,-12.2040651971735,3.303495753276075
3.5632640520731607,0.4372403973031422,0.08169333140055339,0.003649519174069194,0.9,0.1,10,100,0.8,"{'colsample_bytree': 0.9, 'learning_rate': 0.1, 'max_depth': 10, 'n_estimators': 100, 'subsample': 0.8}",-38.66300858936208,-32.57410907232315,-35.60636657462231,-35.61449474543585,2.485789463131021,143,-4.318468488987689,-7.791448159298637,-9.949196741153166,-7.353037796479831,2.3195441933138228
3.573857625325521,0.46641036166720945,0.15339080492655435,0.014778336735762844,0.8,0.1,8,300,0.9,"{'colsample_bytree': 0.8, 'learning_rate': 0.1, 'max_depth': 8, 'n_estimators': 300, 'subsample': 0.9}",-39.46165297951928,-32.13176153976352,-35.2620556863795,-35.618490068554095,3.0030108481598203,144,-2.10729207098662,-5.638735823294627,-7.966113025483459,-5.237380306588235,2.408631759914856
4.128523031870524,0.7124221660158425,0.13205170631408691,0.01706507667435418,0.7,0.1,10,200,0.7,"{'colsample_bytree': 0.7, 'learning_rate': 0.1, 'max_depth': 10, 'n_estimators': 200, 'subsample': 0.7}",-38.45528633318576,-32.779464625588076,-35.65601939520266,-35.63025678465883,2.3172161168358607,145,-1.9269370881826524,-4.098442202169056,-6.158164488973565,-4.061181259775091,1.7275922768739966
1.0585503578186035,0.18555031310054926,0.043016274770100914,0.0020310446339210308,0.7,0.15,8,100,0.9,"{'colsample_bytree': 0.7, 'learning_rate': 0.15, 'max_depth': 8, 'n_estimators': 100, 'subsample': 0.9}",-39.21449179216171,-32.17970167483875,-35.535463344694676,-35.643218937231715,2.8729516122492607,146,-5.933596561721662,-10.601846167637419,-13.121781471517501,-9.885741400292194,2.9779305009480517
2.212373415629069,0.37373633009550533,0.06483888626098633,0.009571690857223803,0.8,0.1,10,100,0.7,"{'colsample_bytree': 0.8, 'learning_rate': 0.1, 'max_depth': 10, 'n_estimators': 100, 'subsample': 0.7}",-39.19703791483031,-32.18847297765354,-35.608605559187566,-35.66470548389047,2.86150962731442,147,-5.696958425249494,-8.98698221303985,-11.037060420471601,-8.573667019586981,2.199590024936165
1.1807708740234375,0.22938824601199306,0.07018200556437175,0.0024825753258309402,0.8,0.15,6,200,0.7,"{'colsample_bytree': 0.8, 'learning_rate': 0.15, 'max_depth': 6, 'n_estimators': 200, 'subsample': 0.7}",-39.34026184497704,-32.00181292071997,-35.66728906920802,-35.66978794496834,2.9959097490598183,148,-7.958948083099583,-13.165463284836079,-15.845192505824688,-12.323201291253449,3.27416826314878
2.563740332921346,0.34404955782454016,0.06133739153544108,0.0026126119041452226,0.8,0.1,10,100,0.9,"{'colsample_bytree': 0.8, 'learning_rate': 0.1, 'max_depth': 10, 'n_estimators': 100, 'subsample': 0.9}",-39.68341239698617,-32.075046654881426,-35.32862933404007,-35.69569612863589,3.116928064636655,149,-3.9470563696999146,-7.416454391039084,-9.682527656701474,-7.015346139146824,2.3586116810964426
3.154796044031779,0.40914986157196037,0.12394213676452637,0.0009484335627706131,0.7,0.1,8,300,0.9,"{'colsample_bytree': 0.7, 'learning_rate': 0.1, 'max_depth': 8, 'n_estimators': 300, 'subsample': 0.9}",-39.32540950373005,-32.16124921572612,-35.60791032883955,-35.69818968276524,2.9254527774189145,150,-2.219013143422583,-5.813031348173573,-8.3082819117245,-5.446775467773552,2.499387399690836
5.9416868686676025,1.29688969873952,0.16431315739949545,0.02939724362383339,0.9,0.05,10,200,0.9,"{'colsample_bytree': 0.9, 'learning_rate': 0.05, 'max_depth': 10, 'n_estimators': 200, 'subsample': 0.9}",-39.90415930110571,-31.99063642726055,-35.268144672407395,-35.72098013359122,3.246511567297715,151,-3.797491182654863,-7.273434877390318,-9.528618419653505,-6.866514826566228,2.3573491888827065
3.1100037892659507,0.5432812486219832,0.07653443018595378,0.004916575547884795,0.9,0.05,10,100,0.9,"{'colsample_bytree': 0.9, 'learning_rate': 0.05, 'max_depth': 10, 'n_estimators': 100, 'subsample': 0.9}",-40.030142386217854,-31.844434659665495,-35.30859426018686,-35.72772376869006,3.354917277152881,152,-7.596503480535223,-11.240227704189216,-13.660505479297319,-10.832412221340585,2.4923570050972454
1.3216805458068848,0.22531500934683374,0.07570767402648926,0.006321208221521519,0.9,0.15,6,200,0.8,"{'colsample_bytree': 0.9, 'learning_rate': 0.15, 'max_depth': 6, 'n_estimators': 200, 'subsample': 0.8}",-39.02729299249361,-32.524788876938096,-35.64936964779954,-35.73381717241042,2.6553077011291633,153,-7.4204284518992445,-12.544788101165183,-15.274282450443327,-11.74649966783592,3.2556314261806096
2.2944231033325195,0.3887256059247137,0.09925635655721028,0.015567344608388038,0.8,0.1,8,200,0.7,"{'colsample_bytree': 0.8, 'learning_rate': 0.1, 'max_depth': 8, 'n_estimators': 200, 'subsample': 0.7}",-39.301462183010216,-32.17740963935512,-35.72791819295356,-35.73559667177296,2.908387340144294,154,-4.796597899304596,-9.181606302024276,-11.551994839090431,-8.510066346806434,2.798460456168408
1.2700997988382976,0.21494422339188957,0.0700071652730306,0.0041440011724770695,0.9,0.15,6,200,0.7,"{'colsample_bytree': 0.9, 'learning_rate': 0.15, 'max_depth': 6, 'n_estimators': 200, 'subsample': 0.7}",-39.55933032979064,-32.30733484178261,-35.35289548113002,-35.739853550901096,2.9732319172176833,155,-7.688112636495631,-12.966673921065464,-15.574572677639274,-12.076453078400123,3.2805927164335915
2.215465784072876,0.275950030414636,0.06027142206827799,0.0016847377880678106,0.7,0.1,10,100,0.8,"{'colsample_bytree': 0.7, 'learning_rate': 0.1, 'max_depth': 10, 'n_estimators': 100, 'subsample': 0.8}",-39.244324158582494,-32.564149050585094,-35.420131650010106,-35.742868286392564,2.736701673027176,156,-4.462234675151836,-8.266941324127137,-10.370022840792956,-7.699732946690642,2.4449654748888814
6.181475798288981,1.051612797620588,0.1793207327524821,0.0059119512066210834,0.7,0.1,10,300,0.7,"{'colsample_bytree': 0.7, 'learning_rate': 0.1, 'max_depth': 10, 'n_estimators': 300, 'subsample': 0.7}",-38.54178657807267,-32.90715055330212,-35.79416009560243,-35.747699075659064,2.3005651121251565,157,-0.5843285850818929,-1.8387103597938237,-3.229667235044047,-1.8842353933065876,1.0804346470296577
4.894374926884969,0.746044480783912,0.13961474100748697,0.004924745684626371,0.8,0.1,10,200,0.8,"{'colsample_bytree': 0.8, 'learning_rate': 0.1, 'max_depth': 10, 'n_estimators': 200, 'subsample': 0.8}",-38.95504557687484,-32.42318349965583,-35.87165680607372,-35.74996196086813,2.668009592119835,158,-1.2497991562866904,-3.63333612598463,-5.375715602360472,-3.4196169615439307,1.6911640056348665
1.0000845591227214,0.12894967844054506,0.04045184453328451,0.0011378023438581477,0.7,0.15,8,100,0.7,"{'colsample_bytree': 0.7, 'learning_rate': 0.15, 'max_depth': 8, 'n_estimators': 100, 'subsample': 0.7}",-39.11881962356432,-32.94463864830853,-35.23072664478629,-35.76472830555305,2.5487246495818083,159,-7.2505619704156645,-11.574122064980168,-13.9710789074375,-10.931920980944446,2.7809654977425655
3.5241987705230713,0.4978909695125999,0.10057107607523601,0.008251292833524878,0.9,0.1,8,200,0.7,"{'colsample_bytree': 0.9, 'learning_rate': 0.1, 'max_depth': 8, 'n_estimators': 200, 'subsample': 0.7}",-38.86830983227341,-32.55009764226278,-35.87721009404392,-35.76520585619337,2.5806149178664253,160,-4.643701440857896,-8.85471691558405,-11.405623934010968,-8.30134743015097,2.788137047254399
3.188481171925863,0.41285218195409423,0.12987550099690756,0.0024832270784639226,0.7,0.1,8,300,0.8,"{'colsample_bytree': 0.7, 'learning_rate': 0.1, 'max_depth': 8, 'n_estimators': 300, 'subsample': 0.8}",-39.5024324150609,-32.23398456027121,-35.56255818973548,-35.76632505502253,2.9708275228731473,161,-2.3382417015148764,-5.8666668891039855,-8.410634831440413,-5.538514474019759,2.4898798614572986
4.45635183652242,0.6713191241204397,0.11909921964009602,0.008128494940367475,0.7,0.1,10,200,0.9,"{'colsample_bytree': 0.7, 'learning_rate': 0.1, 'max_depth': 10, 'n_estimators': 200, 'subsample': 0.9}",-39.262830875493286,-32.25123258287936,-35.78874366984307,-35.767602376071906,2.8625120517910334,162,-1.2302146265650675,-3.3659314624025307,-5.250704315302778,-3.282283468090126,1.6424234278500232
3.1662704944610596,0.4393297663389273,0.1285423437754313,0.004775149893405133,0.7,0.1,8,300,0.7,"{'colsample_bytree': 0.7, 'learning_rate': 0.1, 'max_depth': 8, 'n_estimators': 300, 'subsample': 0.7}",-38.900737159111245,-32.71739983035579,-35.702658811683115,-35.77359860038339,2.524835238256257,163,-2.5924564525160654,-6.263819369262877,-8.982334758238512,-5.946203526672484,2.61830683942682
2.3716917832692466,0.4412788579814522,0.06079864501953125,0.0018690564239448564,0.9,0.1,10,100,0.7,"{'colsample_bytree': 0.9, 'learning_rate': 0.1, 'max_depth': 10, 'n_estimators': 100, 'subsample': 0.7}",-39.23934944014252,-32.47972337329239,-35.60247819183812,-35.773850335091005,2.7622650668756443,164,-5.58965802378579,-8.853320517369854,-10.834899120725115,-8.42595922062692,2.16257821434211
2.44277286529541,0.5987078813616895,0.08453130722045898,0.003561362652900532,0.7,0.15,8,200,0.8,"{'colsample_bytree': 0.7, 'learning_rate': 0.15, 'max_depth': 8, 'n_estimators': 200, 'subsample': 0.8}",-38.86637445058941,-32.75985029907703,-35.71445325074306,-35.7802260001365,2.4934118317642704,165,-2.429904625210897,-6.1496639532010064,-8.626994470094893,-5.735521016168931,2.546843329249138
1.1561984221140544,0.21280884889369941,0.04580545425415039,0.000893397905387122,0.8,0.15,8,100,0.7,"{'colsample_bytree': 0.8, 'learning_rate': 0.15, 'max_depth': 8, 'n_estimators': 100, 'subsample': 0.7}",-38.999657009627946,-32.43221744144494,-35.9148689772492,-35.7822478094407,2.68278548043473,166,-6.8932479889696125,-11.120806608373153,-13.786748828613643,-10.600267808652136,2.8382281959060873
3.138251304626465,0.22945338350716182,0.09562158584594727,0.008190387623843274,0.9,0.1,8,200,0.9,"{'colsample_bytree': 0.9, 'learning_rate': 0.1, 'max_depth': 8, 'n_estimators': 200, 'subsample': 0.9}",-39.667270725410724,-32.17272724449953,-35.56053645863082,-35.800178142847024,3.0643233727777073,167,-3.8634796728277347,-8.069840689757385,-10.685563523553677,-7.539627962046265,2.8102255151563993
3.3565970261891684,0.7425098922118625,0.10568126042683919,0.011341185614198552,0.9,0.1,8,200,0.8,"{'colsample_bytree': 0.9, 'learning_rate': 0.1, 'max_depth': 8, 'n_estimators': 200, 'subsample': 0.8}",-39.59236980302712,-32.340320566313366,-35.46990053714065,-35.80086363549372,2.969871710167935,168,-4.090348715616245,-8.351932349060219,-10.920911980600849,-7.7877310150924375,2.816959470561306
2.2474772135416665,0.29085515817786417,0.1195085843404134,0.014123708892714562,0.9,0.15,6,300,0.9,"{'colsample_bytree': 0.9, 'learning_rate': 0.15, 'max_depth': 6, 'n_estimators': 300, 'subsample': 0.9}",-39.462614079095296,-32.52989183600828,-35.456163567748725,-35.81622316095076,2.841700383918165,169,-4.621723512626167,-9.683771541637952,-12.449221983884067,-8.918239012716063,3.24108655844655
8.804324467976889,0.5924111534498617,0.2162930170694987,0.051379655544073054,0.9,0.05,10,300,0.9,"{'colsample_bytree': 0.9, 'learning_rate': 0.05, 'max_depth': 10, 'n_estimators': 300, 'subsample': 0.9}",-39.981122385654686,-32.1309105238328,-35.35809796451291,-35.82337695800013,3.2216786489041818,170,-1.903229805279904,-4.650143607658292,-6.767616524251604,-4.440329979063267,1.9914117031200465
6.0662431716918945,1.0942084734001756,0.14008267720540366,0.012868014513375433,0.9,0.1,10,200,0.8,"{'colsample_bytree': 0.9, 'learning_rate': 0.1, 'max_depth': 10, 'n_estimators': 200, 'subsample': 0.8}",-38.85068519872709,-32.837095557760215,-35.82417219574566,-35.837317650744325,2.4550552871882374,171,-1.1982740829741405,-3.339716185756461,-5.116451645759954,-3.2181473048301847,1.601897436997095
7.520610173543294,0.9656143090577809,0.24604018529256186,0.08040240558386741,0.8,0.1,10,300,0.8,"{'colsample_bytree': 0.8, 'learning_rate': 0.1, 'max_depth': 10, 'n_estimators': 300, 'subsample': 0.8}",-39.01865505839908,-32.51402731603735,-35.98075505445008,-35.837812476295504,2.657426066975657,172,-0.37203527517354834,-1.6160868620453186,-2.873586472349723,-1.6205695365228632,1.0212589187864298
6.335375944773356,0.8832454918432091,0.2193911870320638,0.06804082685950155,0.7,0.1,10,300,0.9,"{'colsample_bytree': 0.7, 'learning_rate': 0.1, 'max_depth': 10, 'n_estimators': 300, 'subsample': 0.9}",-39.30217588893666,-32.33853502525323,-35.88145559725192,-35.8407221704806,2.843040382950716,173,-0.3822849216699122,-1.6176985283473744,-2.8125129147152026,-1.6041654549108297,0.9921825714395894
2.2617812951405845,0.5098211817727294,0.07816402117411296,0.01885345373869713,0.7,0.15,10,100,0.7,"{'colsample_bytree': 0.7, 'learning_rate': 0.15, 'max_depth': 10, 'n_estimators': 100, 'subsample': 0.7}",-38.71810109274723,-33.05198056954369,-35.77323302457167,-35.84777156228753,2.3137844095868454,174,-3.512196810679224,-6.074597623976649,-8.504503064139868,-6.03043249959858,2.038339741185468
2.9500064055124917,0.6161765937596851,0.08120091756184895,0.009884583470202308,0.7,0.15,10,100,0.9,"{'colsample_bytree': 0.7, 'learning_rate': 0.15, 'max_depth': 10, 'n_estimators': 100, 'subsample': 0.9}",-39.52398351101187,-32.0850911024488,-35.94054604952603,-35.8498735543289,3.0375918304454355,175,-2.1940605273545253,-5.3097556795139145,-6.898934441195777,-4.800916882688072,1.954166033060711
4.971212069193522,0.6522945432299085,0.14076828956604004,0.011206013138329628,0.8,0.1,10,200,0.9,"{'colsample_bytree': 0.8, 'learning_rate': 0.1, 'max_depth': 10, 'n_estimators': 200, 'subsample': 0.9}",-39.82856579831509,-32.25549591238359,-35.57857848335035,-35.88754673134968,3.099402405626443,176,-1.1260581738860125,-3.3823504816406937,-4.973352295085427,-3.160586983537378,1.5784596501171975
1.0875667730967205,0.20370267568525025,0.06388298670450847,0.0034724354778311573,0.7,0.15,6,200,0.7,"{'colsample_bytree': 0.7, 'learning_rate': 0.15, 'max_depth': 6, 'n_estimators': 200, 'subsample': 0.7}",-38.93580777128325,-33.03817971543535,-35.73001128475849,-35.9013329238257,2.410742278398998,177,-7.9102613431191635,-13.342763850406655,-16.180724661250803,-12.477916618258874,3.431337098504072
1.809151331583659,0.34172861140016736,0.10371875762939453,0.001386257814736308,0.8,0.15,6,300,0.8,"{'colsample_bytree': 0.8, 'learning_rate': 0.15, 'max_depth': 6, 'n_estimators': 300, 'subsample': 0.8}",-39.34890185665089,-32.78051882071333,-35.59009779707251,-35.90650615814558,2.690848641217832,178,-5.017923274108417,-10.021986467289421,-12.862821655602014,-9.300910465666618,3.2429997023411783
3.124420245488485,0.37119985160641183,0.09692589441935222,0.008893370739056968,0.9,0.15,8,200,0.8,"{'colsample_bytree': 0.9, 'learning_rate': 0.15, 'max_depth': 8, 'n_estimators': 200, 'subsample': 0.8}",-39.18767531938298,-32.87318820841512,-35.6856126575368,-35.9154920617783,2.5829982932005753,179,-2.0797168614155312,-5.7102719967532805,-8.134686768578927,-5.308225208915913,2.488225118281615
1.192245880762736,0.16672461187664162,0.04686546325683594,0.005544372690747921,0.8,0.15,8,100,0.8,"{'colsample_bytree': 0.8, 'learning_rate': 0.15, 'max_depth': 8, 'n_estimators': 100, 'subsample': 0.8}",-39.89438638773423,-32.2062663677338,-35.671904572957764,-35.92418577614193,3.1437272691920866,180,-6.205105682424884,-10.952893677878127,-13.346639159796226,-10.168212840033078,2.9678463701327047
2.5058085918426514,0.28995556571945164,0.0928495724995931,0.005250296474484528,0.8,0.15,8,200,0.9,"{'colsample_bytree': 0.8, 'learning_rate': 0.15, 'max_depth': 8, 'n_estimators': 200, 'subsample': 0.9}",-39.645788417625084,-32.64736579849121,-35.49043589297548,-35.927863369697256,2.873788079294708,181,-2.0818814767453846,-5.711096808511998,-7.957926644761447,-5.25030164333961,2.4209124784298335
1.833202838897705,0.2740381368645828,0.10343790054321289,0.010528399191111643,0.7,0.15,6,300,0.8,"{'colsample_bytree': 0.7, 'learning_rate': 0.15, 'max_depth': 6, 'n_estimators': 300, 'subsample': 0.8}",-39.55217942137557,-32.669897122993405,-35.56703236165106,-35.92970296867335,2.821358997073876,182,-5.007039689691381,-10.07037325726061,-13.201852719697326,-9.426421888883105,3.3763634453669478
8.3958158493042,1.1024607530735508,0.18772967656453451,0.0044746308829913435,0.9,0.1,10,300,0.8,"{'colsample_bytree': 0.9, 'learning_rate': 0.1, 'max_depth': 10, 'n_estimators': 300, 'subsample': 0.8}",-38.89133454021855,-32.93162351181078,-35.975175520845916,-35.93271119095841,2.433227116405414,183,-0.33972535682027283,-1.3956344607115136,-2.587522113565472,-1.4409606436990863,0.9182187147068053
3.34873104095459,0.6486007084529675,0.13017773628234863,0.0031513046259218124,0.7,0.15,8,300,0.8,"{'colsample_bytree': 0.7, 'learning_rate': 0.15, 'max_depth': 8, 'n_estimators': 300, 'subsample': 0.8}",-38.91209928109276,-32.96281950319089,-35.94964713815699,-35.94152197414688,2.4287900942177854,184,-0.9535003851845738,-3.4522959044448513,-5.5635940409514655,-3.3231301101936297,1.88427770963464
4.7625346183776855,0.88164992878956,0.14140931765238443,0.014749721111219583,0.8,0.1,10,200,0.7,"{'colsample_bytree': 0.8, 'learning_rate': 0.1, 'max_depth': 10, 'n_estimators': 200, 'subsample': 0.7}",-39.46595993764303,-32.60289519686197,-35.780760248604096,-35.9498717943697,2.8043850716596745,185,-1.6435081500505704,-4.024384071840904,-5.823754841020104,-3.830549020970526,1.7120737171726137
4.198007742563884,0.5846613019964655,0.13588198026021323,0.0016047296994820086,0.9,0.1,8,300,0.7,"{'colsample_bytree': 0.9, 'learning_rate': 0.1, 'max_depth': 8, 'n_estimators': 300, 'subsample': 0.7}",-38.97973008607637,-32.81160351067983,-36.06010320136466,-35.95047893270695,2.5193199443153067,186,-2.347446468727178,-5.765413825950264,-8.362134556751696,-5.4916649504763795,2.4631040083836524
3.5567150115966797,0.5225732748114029,0.14797234535217285,0.015405542893823312,0.8,0.1,8,300,0.7,"{'colsample_bytree': 0.8, 'learning_rate': 0.1, 'max_depth': 8, 'n_estimators': 300, 'subsample': 0.7}",-39.44659856167112,-32.45830631670723,-35.99280964534168,-35.96590484124001,2.853021792955487,187,-2.4894292331227326,-6.082075916998023,-8.457146712975176,-5.676217287698644,2.4531549618218413
7.468111038208008,1.0545794997610183,0.19336175918579102,0.011653263331660595,0.8,0.1,10,300,0.9,"{'colsample_bytree': 0.8, 'learning_rate': 0.1, 'max_depth': 10, 'n_estimators': 300, 'subsample': 0.9}",-39.850918137328684,-32.357660786948315,-35.69084332658051,-35.96647408361917,3.0653119107660842,188,-0.36075035411420864,-1.54232490547835,-2.6898310283605076,-1.5309687626510222,0.950877110276554
1.2359548409779866,0.23238796830158015,0.04528379440307617,0.0013069605043568916,0.9,0.15,8,100,0.7,"{'colsample_bytree': 0.9, 'learning_rate': 0.15, 'max_depth': 8, 'n_estimators': 100, 'subsample': 0.7}",-39.75643150004898,-32.47248967933485,-35.67682875214031,-35.968583310508045,2.9808044388087978,189,-6.710058955949938,-11.327974003896324,-13.493300020194296,-10.510444326680187,2.828940427528721
2.9957261880238852,0.5398373119360634,0.07279245058695476,0.011960320813104443,0.9,0.1,10,100,0.9,"{'colsample_bytree': 0.9, 'learning_rate': 0.1, 'max_depth': 10, 'n_estimators': 100, 'subsample': 0.9}",-39.69043790542889,-32.30413263845188,-35.94010254407397,-35.97822436265158,3.0155669814074,190,-3.7403805736776286,-7.379887743779425,-9.519270248233472,-6.8798461885635085,2.3855708800172057
4.157858053843181,0.2682642496092893,0.1491525967915853,0.008494044583791226,0.9,0.1,8,300,0.9,"{'colsample_bytree': 0.9, 'learning_rate': 0.1, 'max_depth': 8, 'n_estimators': 300, 'subsample': 0.9}",-39.78992211862792,-32.37325766443569,-35.82340919012352,-35.995529657729044,3.0302856848869535,191,-1.985592257051644,-5.265568797343295,-7.746108209561611,-4.999089754652183,2.3592575555211757
4.317309617996216,0.5539779502711686,0.1267822583516439,0.008509647328597148,0.7,0.1,10,200,0.8,"{'colsample_bytree': 0.7, 'learning_rate': 0.1, 'max_depth': 10, 'n_estimators': 200, 'subsample': 0.8}",-39.40810654336994,-32.834314057005066,-35.74911098383667,-35.997177194737226,2.689465814022025,192,-1.3308423659209287,-3.763040935049305,-5.57867568668568,-3.5575196625519716,1.7402492590309233
4.053477923075358,0.6364638556394496,0.15704639752705893,0.02651104357764515,0.9,0.1,8,300,0.8,"{'colsample_bytree': 0.9, 'learning_rate': 0.1, 'max_depth': 8, 'n_estimators': 300, 'subsample': 0.8}",-39.73185515358087,-32.611904569693856,-35.72285449677907,-36.02220474001793,2.9144046853910117,193,-2.010763486520143,-5.475549959255192,-7.951131652891299,-5.145815032888878,2.436327472413934
2.401217778523763,0.4667870840105897,0.09372345606486003,0.008545551949884333,0.7,0.15,8,200,0.9,"{'colsample_bytree': 0.7, 'learning_rate': 0.15, 'max_depth': 8, 'n_estimators': 200, 'subsample': 0.9}",-39.48917931673794,-32.625516236004344,-35.99478935276888,-36.036494968503725,2.802233899379114,194,-2.238410352327904,-5.823256842136499,-8.34661139746274,-5.469426197309048,2.5061826344543516
1.7555290857950847,0.3351893190128326,0.10924919446309407,0.015211851534101598,0.8,0.15,6,300,0.7,"{'colsample_bytree': 0.8, 'learning_rate': 0.15, 'max_depth': 6, 'n_estimators': 300, 'subsample': 0.7}",-39.63791851759416,-32.41440181936852,-36.071185929147106,-36.04116875536993,2.9490647269292376,195,-5.305645912578309,-10.302710601792617,-13.224557511634304,-9.610971342001742,3.2696755834045588
5.524217844009399,1.0302992033442673,0.13387672106424967,0.004235686145420291,0.9,0.1,10,200,0.7,"{'colsample_bytree': 0.9, 'learning_rate': 0.1, 'max_depth': 10, 'n_estimators': 200, 'subsample': 0.7}",-39.475545672929734,-32.769866619946484,-35.89868049483036,-36.04803092923552,2.739618228220536,196,-1.5309466022394578,-3.814863866520809,-5.669507153019131,-3.671772540593133,1.6925872116938305
4.9648072719573975,0.6721670446414968,0.1466528574625651,0.02463725190725357,0.7,0.15,10,200,0.9,"{'colsample_bytree': 0.7, 'learning_rate': 0.15, 'max_depth': 10, 'n_estimators': 200, 'subsample': 0.9}",-39.62639908242522,-32.30672570181829,-36.217039646197975,-36.05005481014717,2.9905760371868864,197,-0.39572936422475913,-1.6729763679653973,-2.8028675277451307,-1.6238577533117624,0.9833236202790941
7.847840468088786,1.3312107789786023,0.22486058870951334,0.026504565411565952,0.8,0.1,10,300,0.7,"{'colsample_bytree': 0.8, 'learning_rate': 0.1, 'max_depth': 10, 'n_estimators': 300, 'subsample': 0.7}",-39.518195911550606,-32.7305880987045,-35.99563041552206,-36.08147147525906,2.771694003181081,198,-0.46782252111199113,-1.7671621418237657,-3.0456301794444354,-1.760204947460064,1.0523970678897487
6.544959704081218,0.9705015771588893,0.18149733543395996,0.006090151904594839,0.7,0.1,10,300,0.8,"{'colsample_bytree': 0.7, 'learning_rate': 0.1, 'max_depth': 10, 'n_estimators': 300, 'subsample': 0.8}",-39.467402478900446,-32.91250143164875,-35.872952765447785,-36.08428555866566,2.6801962735257905,199,-0.4076797389329794,-1.7352284685043522,-2.8987389057823205,-1.680549037739884,1.0177053677424124
3.834639310836792,0.513948093824794,0.18846424420674643,0.07916453261821024,0.8,0.15,8,300,0.9,"{'colsample_bytree': 0.8, 'learning_rate': 0.15, 'max_depth': 8, 'n_estimators': 300, 'subsample': 0.9}",-39.72892914801578,-32.79355215975818,-35.76344524311807,-36.09530885029734,2.8410636016159865,200,-0.7900137342494217,-3.1940504797284577,-5.121808528874338,-3.0352909142840723,1.772007333581504
1.987677017847697,0.23788611351378366,0.1253204345703125,0.037596429055747706,0.9,0.15,6,300,0.7,"{'colsample_bytree': 0.9, 'learning_rate': 0.15, 'max_depth': 6, 'n_estimators': 300, 'subsample': 0.7}",-39.80221830361752,-32.61445637951986,-35.872253615685324,-36.096309432940906,2.9386653576424324,201,-5.043869938228996,-10.097971784767303,-12.933628464623844,-9.358490062540048,3.263147490214133
4.438642819722493,0.4142920272952188,0.15395100911458334,0.009951639655740547,0.9,0.15,8,300,0.8,"{'colsample_bytree': 0.9, 'learning_rate': 0.15, 'max_depth': 8, 'n_estimators': 300, 'subsample': 0.8}",-39.26925315928875,-33.0852876809353,-35.9661993076389,-36.10691338262098,2.526553330466936,202,-0.7637175729186053,-2.9854178391263573,-5.116503052040154,-2.9552128213617053,1.777145579130848
6.649384101231893,0.6019285658662323,0.16162919998168945,0.00525302655839108,0.7,0.15,10,300,0.9,"{'colsample_bytree': 0.7, 'learning_rate': 0.15, 'max_depth': 10, 'n_estimators': 300, 'subsample': 0.9}",-39.64187993071721,-32.37308406921462,-36.31086829428409,-36.10861076473864,2.9709178604423094,203,-0.07531950705437544,-0.5284076168013772,-1.1474315243294422,-0.5837195493950649,0.4394319073620999
2.2490883668263755,0.3518804221702402,0.05740984280904134,0.0023518401289890065,0.8,0.15,10,100,0.7,"{'colsample_bytree': 0.8, 'learning_rate': 0.15, 'max_depth': 10, 'n_estimators': 100, 'subsample': 0.7}",-39.03703486366136,-33.152068601023494,-36.16470196833585,-36.11793514434023,2.402754992360014,204,-3.1901160838891305,-6.347356035850621,-8.464437283787662,-6.0006364678424715,2.167145107286633
5.12740429242452,0.6899538070925185,0.14487393697102866,0.0169475250992074,0.7,0.15,10,200,0.7,"{'colsample_bytree': 0.7, 'learning_rate': 0.15, 'max_depth': 10, 'n_estimators': 200, 'subsample': 0.7}",-38.868556387555195,-33.316264549110876,-36.18135904292755,-36.12205999319787,2.2671014457213836,205,-0.5952359422189565,-1.824197283422048,-3.390195074949501,-1.9365427668635018,1.1437993032421205
2.237722873687744,0.19545209238190447,0.11311856905619304,0.010781134694602823,0.9,0.15,6,300,0.8,"{'colsample_bytree': 0.9, 'learning_rate': 0.15, 'max_depth': 6, 'n_estimators': 300, 'subsample': 0.8}",-39.44533027466708,-32.84524131230237,-36.08209768455254,-36.12422309050733,2.6946396778483828,206,-4.827736641534375,-9.692496443467183,-12.658098109007398,-9.059443731336318,3.227920587630552
2.54687237739563,0.4044126985239711,0.06412657101949056,0.002122546065312561,0.9,0.15,10,100,0.7,"{'colsample_bytree': 0.9, 'learning_rate': 0.15, 'max_depth': 10, 'n_estimators': 100, 'subsample': 0.7}",-39.649327638645815,-32.80650225899606,-35.964039685898705,-36.13995652784686,2.79633985125264,207,-2.8696617253172447,-6.0509158130001115,-7.953117437739948,-5.624564992019102,2.0970950959130965
6.415689706802368,0.4276404785349344,0.14944903055826822,0.01548933883376031,0.9,0.1,10,200,0.9,"{'colsample_bytree': 0.9, 'learning_rate': 0.1, 'max_depth': 10, 'n_estimators': 200, 'subsample': 0.9}",-39.77910330071679,-32.56602755764334,-36.13578061365274,-36.160303824004295,2.944776897006305,208,-1.0215855091517316,-3.178146986147029,-4.715572482426102,-2.9717683259082874,1.5151081486661029
2.597081502278646,0.5938024614192488,0.07978145281473796,0.018037299592275145,0.7,0.15,10,100,0.8,"{'colsample_bytree': 0.7, 'learning_rate': 0.15, 'max_depth': 10, 'n_estimators': 100, 'subsample': 0.8}",-39.71011788679725,-32.678674524911585,-36.09783247868135,-36.16220829679673,2.8709356340538195,209,-2.2873407623616484,-5.945421528760513,-7.779142730694306,-5.337301673938822,2.282882612432051
7.252057154973348,0.8619244783563649,0.18829472859700522,0.006938406980152694,0.7,0.15,10,300,0.7,"{'colsample_bytree': 0.7, 'learning_rate': 0.15, 'max_depth': 10, 'n_estimators': 300, 'subsample': 0.7}",-38.88924101575794,-33.37721323707227,-36.26082679147772,-36.17576034810264,2.251079708805234,210,-0.10304830176709726,-0.5975966881110246,-1.323977422430178,-0.6748741374360999,0.5014285143809455
8.403345902760824,1.5558535175307753,0.21288800239562988,0.023193283396109404,0.9,0.1,10,300,0.7,"{'colsample_bytree': 0.9, 'learning_rate': 0.1, 'max_depth': 10, 'n_estimators': 300, 'subsample': 0.7}",-39.53004612035089,-32.94575764213738,-36.077492592915284,-36.184432118467846,2.689087916955964,211,-0.4364641365914653,-1.6284497469669703,-2.892860828739199,-1.6525915707658783,1.0029650369581966
1.6862122217814128,0.45748052773115555,0.06515232721964519,0.009881397835383736,0.9,0.15,8,100,0.9,"{'colsample_bytree': 0.9, 'learning_rate': 0.15, 'max_depth': 8, 'n_estimators': 100, 'subsample': 0.9}",-40.79615375869091,-32.22410789155535,-35.57289484923834,-36.19771883316153,3.5273026847940736,212,-5.560569388050735,-10.296981257178361,-12.637955504279125,-9.498502049836075,2.9439797715523417
2.573968013127645,0.4150996261636622,0.07107750574747722,0.008627219955402096,0.8,0.15,10,100,0.8,"{'colsample_bytree': 0.8, 'learning_rate': 0.15, 'max_depth': 10, 'n_estimators': 100, 'subsample': 0.8}",-39.83430587761823,-33.02512282624305,-35.770087143819815,-36.209838615893695,2.797174702525998,213,-2.4003128889015453,-5.724278693109602,-7.336105976324099,-5.153565852778415,2.055042288299884
2.6582586765289307,0.4842517602621442,0.07769195238749187,0.012265892907360134,0.8,0.15,10,100,0.9,"{'colsample_bytree': 0.8, 'learning_rate': 0.15, 'max_depth': 10, 'n_estimators': 100, 'subsample': 0.9}",-39.94786413373692,-32.84317753969964,-35.84696122034518,-36.21266763126058,2.911980858924241,214,-2.047279006523766,-4.810583923136382,-6.99449346480972,-4.617452131489956,2.024303607132885
3.4557201067606607,0.5521741555950989,0.1635096867879232,0.035618056280654946,0.7,0.15,8,300,0.9,"{'colsample_bytree': 0.7, 'learning_rate': 0.15, 'max_depth': 8, 'n_estimators': 300, 'subsample': 0.9}",-39.583294581904205,-32.791649387002636,-36.2802032921905,-36.21838242036578,2.7730221153706736,215,-0.8795378606604637,-3.2214293390289983,-5.414564104037479,-3.1718437679089804,1.8517486877142253
7.913870811462402,0.9574205068900385,0.18277978897094727,0.002231631149685513,0.9,0.1,10,300,0.9,"{'colsample_bytree': 0.9, 'learning_rate': 0.1, 'max_depth': 10, 'n_estimators': 300, 'subsample': 0.9}",-39.811163570788246,-32.642010062974194,-36.25774915755369,-36.23697426377205,2.926831529351534,216,-0.3122015102235212,-1.4413798236956556,-2.4988104651160365,-1.4174639330117378,0.8928395368241105
2.8439252376556396,0.3845581358783914,0.06902400652567546,0.010391998354053435,0.9,0.15,10,100,0.8,"{'colsample_bytree': 0.9, 'learning_rate': 0.15, 'max_depth': 10, 'n_estimators': 100, 'subsample': 0.8}",-39.81902953382277,-32.792413823727834,-36.13474578046204,-36.24872971267088,2.8697359154853244,217,-2.2684271258649273,-5.130494143138698,-7.460014706340213,-4.952978658447946,2.123170461348633
2.4617087841033936,0.36629658624215855,0.09227975209554036,0.005244202785888834,0.8,0.15,8,200,0.7,"{'colsample_bytree': 0.8, 'learning_rate': 0.15, 'max_depth': 8, 'n_estimators': 200, 'subsample': 0.7}",-39.44944854974458,-32.84046957289514,-36.47764766293116,-36.25585526185696,2.702658528312468,218,-2.5799937696658732,-6.259421188395371,-8.732109858898017,-5.857174938986421,2.527645100051288
1.6870813369750977,0.355809451929214,0.1036532719930013,0.01402502456289317,0.7,0.15,6,300,0.7,"{'colsample_bytree': 0.7, 'learning_rate': 0.15, 'max_depth': 6, 'n_estimators': 300, 'subsample': 0.7}",-39.25800895164238,-33.36950366444511,-36.17488290773484,-36.267465174607445,2.4048634384571614,219,-5.36134897871011,-10.487742001175128,-13.544785740436112,-9.797958906773784,3.376290849071266
2.084526697794596,0.3748447289659469,0.09394375483194987,0.008901857714030374,0.7,0.15,8,200,0.7,"{'colsample_bytree': 0.7, 'learning_rate': 0.15, 'max_depth': 8, 'n_estimators': 200, 'subsample': 0.7}",-39.651860590387706,-33.515046527139226,-35.86098472446979,-36.34263061399891,2.528386677164749,220,-2.726437396788602,-6.571481796320061,-8.89415286508745,-6.064024019398705,2.5433984575749164
5.262101968129476,0.42165437615668827,0.12972203890482584,0.006460423547713383,0.7,0.15,10,200,0.8,"{'colsample_bytree': 0.7, 'learning_rate': 0.15, 'max_depth': 10, 'n_estimators': 200, 'subsample': 0.8}",-39.772200080573064,-32.929818465501015,-36.34840695711295,-36.35014183439568,2.7933908664224307,221,-0.3741267603455473,-1.8129535579138425,-2.9472073308640576,-1.7114292163744824,1.0529059152455855
2.4686672687530518,0.245995355893761,0.10550332069396973,0.022580764362291488,0.8,0.15,8,200,0.8,"{'colsample_bytree': 0.8, 'learning_rate': 0.15, 'max_depth': 8, 'n_estimators': 200, 'subsample': 0.8}",-40.234364714902654,-32.73288884041016,-36.137942210472836,-36.36839858859522,3.066797208876734,222,-2.2857819200869685,-5.850397081920619,-8.36982797105032,-5.5020023243526355,2.4959885507064232
6.165152072906494,0.8009586924846032,0.16939814885457358,0.011264689931939976,0.8,0.15,10,200,0.9,"{'colsample_bytree': 0.8, 'learning_rate': 0.15, 'max_depth': 10, 'n_estimators': 200, 'subsample': 0.9}",-40.02934150777807,-33.03985784812832,-36.09886129311444,-36.38935354967361,2.860828524567472,223,-0.34271883551074334,-1.5675720882936324,-2.8781965527131415,-1.5961624921725057,1.0353018471289548
7.072357416152954,0.6042898731437701,0.20028487841288248,0.025916195744927945,0.7,0.15,10,300,0.8,"{'colsample_bytree': 0.7, 'learning_rate': 0.15, 'max_depth': 10, 'n_estimators': 300, 'subsample': 0.8}",-39.78722387819477,-32.98744089352298,-36.44356942922759,-36.406078066981785,2.77612636135801,224,-0.06427789585902123,-0.548759177813148,-1.1640409009252195,-0.5923593248657962,0.45003362574020933
5.367002646128337,0.7040569635604539,0.13106767336527506,0.00544708773451682,0.9,0.15,10,200,0.7,"{'colsample_bytree': 0.9, 'learning_rate': 0.15, 'max_depth': 10, 'n_estimators': 200, 'subsample': 0.7}",-39.8199675936007,-33.113450500240084,-36.297426775520925,-36.41028162312057,2.739086836076893,225,-0.4266204895396411,-1.711466189908753,-2.9107718353930307,-1.6829528382804753,1.0143509371981376
3.260103146235148,0.2144675006463076,0.09460679690043132,0.0034114333615570362,0.9,0.15,8,200,0.7,"{'colsample_bytree': 0.9, 'learning_rate': 0.15, 'max_depth': 8, 'n_estimators': 200, 'subsample': 0.7}",-40.186744086152004,-32.91122541257617,-36.13939093369469,-36.41245347747429,2.976487343273297,226,-2.315917576093667,-6.114145432900973,-8.471238966805478,-5.633767325266706,2.535753366090546
9.034022649129232,0.6417281389672175,0.2630447546641032,0.09078753423821671,0.8,0.15,10,300,0.9,"{'colsample_bytree': 0.8, 'learning_rate': 0.15, 'max_depth': 10, 'n_estimators': 300, 'subsample': 0.9}",-40.04678690635015,-33.07746400479709,-36.166305511818,-36.430185474321746,2.851325995916778,227,-0.05626895034379591,-0.4645761159338689,-1.1185557937199309,-0.5464669533325318,0.4375255545602634
5.382781187693278,1.215096736151565,0.1355288823445638,0.007338198324333195,0.8,0.15,10,200,0.7,"{'colsample_bytree': 0.8, 'learning_rate': 0.15, 'max_depth': 10, 'n_estimators': 200, 'subsample': 0.7}",-39.288953037999065,-33.525477106893334,-36.497049189288774,-36.43715977806039,2.353310258379563,228,-0.4946138820813901,-1.9284825334626927,-3.221762597507175,-1.881619671017086,1.1138468251722866
5.416735331217448,0.588269812676608,0.12956905364990234,0.0005432097220261453,0.9,0.15,10,200,0.8,"{'colsample_bytree': 0.9, 'learning_rate': 0.15, 'max_depth': 10, 'n_estimators': 200, 'subsample': 0.8}",-39.915417869921455,-33.00310838472397,-36.40000380295908,-36.4395100192015,2.822076795627541,229,-0.3613769698265162,-1.4139338372687236,-2.8799584158535194,-1.5517564076495862,1.0328147367744318
8.32029104232788,1.287253705354144,0.18786247571309408,0.006622914793735952,0.9,0.15,10,300,0.7,"{'colsample_bytree': 0.9, 'learning_rate': 0.15, 'max_depth': 10, 'n_estimators': 300, 'subsample': 0.7}",-39.826479549794186,-33.15523117293903,-36.35241429246726,-36.44470833840016,2.724307541328515,230,-0.06683349497351726,-0.4948692130132468,-1.0566957510963124,-0.5394661530276922,0.40533811961383265
3.6627376079559326,0.5997006886555618,0.15773884455362955,0.02541475435330792,0.8,0.15,8,300,0.7,"{'colsample_bytree': 0.8, 'learning_rate': 0.15, 'max_depth': 8, 'n_estimators': 300, 'subsample': 0.7}",-39.563927064463506,-33.0495734055667,-36.78385405855469,-36.46578484286163,2.6689669559306095,231,-1.0084437911695827,-3.3752082266856958,-5.5565706277397835,-3.3134075485316874,1.8572791790228589
9.132853110631308,1.3129824453515997,0.28860123952229816,0.08600629089228765,0.8,0.15,10,300,0.7,"{'colsample_bytree': 0.8, 'learning_rate': 0.15, 'max_depth': 10, 'n_estimators': 300, 'subsample': 0.7}",-39.3059151845507,-33.56998781029639,-36.53704118712998,-36.47098139399235,2.342148391666936,232,-0.08307464174120639,-0.5512891448996917,-1.2243918478132914,-0.6195852114847299,0.46843676610067553
5.333176453908284,0.7701870424899446,0.1641542911529541,0.043478743237838464,0.8,0.15,10,200,0.8,"{'colsample_bytree': 0.8, 'learning_rate': 0.15, 'max_depth': 10, 'n_estimators': 200, 'subsample': 0.8}",-39.92548758014026,-33.28836245451466,-36.204344785797396,-36.47273160681744,2.716232819865975,233,-0.4000407385160089,-1.6938916202535603,-2.8563712768232996,-1.6501012118642897,1.003270694032081
8.335773388544718,1.1074732459284942,0.19018872578938803,0.004584555324592362,0.9,0.15,10,300,0.8,"{'colsample_bytree': 0.9, 'learning_rate': 0.15, 'max_depth': 10, 'n_estimators': 300, 'subsample': 0.8}",-39.93166431479361,-33.03950350396094,-36.47028429977227,-36.48048403950893,2.8137221121511433,234,-0.05789198539017513,-0.40812203467512376,-1.0812887512381333,-0.5157675904344774,0.42467706110492176
9.192892710367838,1.489449315877764,0.2120664119720459,0.0038168153892475694,0.8,0.15,10,300,0.8,"{'colsample_bytree': 0.8, 'learning_rate': 0.15, 'max_depth': 10, 'n_estimators': 300, 'subsample': 0.8}",-39.933273480033534,-33.359699786317115,-36.27812995934444,-36.5237010752317,2.689262185854293,235,-0.06473701135351119,-0.4757836296631417,-1.0791763796695137,-0.5398990068953888,0.4166172457588761
3.8248891830444336,0.6002579986475479,0.15645424524943033,0.026438985666221545,0.8,0.15,8,300,0.8,"{'colsample_bytree': 0.8, 'learning_rate': 0.15, 'max_depth': 8, 'n_estimators': 300, 'subsample': 0.8}",-40.33781046655012,-32.939819849741866,-36.38791668738231,-36.55518233455809,3.0225320113154117,236,-0.8811471268859304,-3.2228352148479913,-5.334427272359378,-3.1461365380310995,1.8188527572412414
3.7186439037323,0.7795602300260686,0.13918773333231607,0.021268516872041104,0.7,0.15,8,300,0.7,"{'colsample_bytree': 0.7, 'learning_rate': 0.15, 'max_depth': 8, 'n_estimators': 300, 'subsample': 0.7}",-39.75024186293319,-33.78310466732019,-36.15650800045374,-36.563284843569036,2.4529957369018773,237,-1.0583162922841134,-3.594687695955733,-5.736706854608382,-3.463236947616076,1.9122053651635658
4.512599388758342,0.6715737705700073,0.13451433181762695,0.0024493526411910986,0.9,0.15,8,300,0.7,"{'colsample_bytree': 0.9, 'learning_rate': 0.15, 'max_depth': 8, 'n_estimators': 300, 'subsample': 0.7}",-40.267300787444974,-33.10702473867046,-36.424041487382695,-36.59945567116604,2.925800844847757,238,-0.8638016437178705,-3.2429692435527735,-5.330898149694662,-3.1458896789884356,1.8249760052887485
2.7428861459096274,0.37707267361766605,0.060186147689819336,0.003205346922477846,0.9,0.15,10,100,0.9,"{'colsample_bytree': 0.9, 'learning_rate': 0.15, 'max_depth': 10, 'n_estimators': 100, 'subsample': 0.9}",-40.813758474022904,-32.81410487410091,-36.21040425307228,-36.61275586706537,3.2782138984156552,239,-2.060263165190321,-4.964843226638153,-6.935509014528475,-4.65353846878565,2.0024465888954324
2.9014082749684653,0.24937456909616912,0.10433618227640788,0.017963389379801995,0.9,0.15,8,200,0.9,"{'colsample_bytree': 0.9, 'learning_rate': 0.15, 'max_depth': 8, 'n_estimators': 200, 'subsample': 0.9}",-41.08734897625527,-32.69808094492146,-36.063825545224276,-36.616418488800335,3.4471218667517802,240,-2.033812001783881,-5.404748211844913,-7.783307858800282,-5.073956024143025,2.358847636176846
4.125687122344971,0.4419152545992828,0.13902012507120767,0.0028881262264633103,0.9,0.15,8,300,0.9,"{'colsample_bytree': 0.9, 'learning_rate': 0.15, 'max_depth': 8, 'n_estimators': 300, 'subsample': 0.9}",-41.17424089516353,-32.854409670357185,-36.322489799562405,-36.7837134550277,3.4121785169777032,241,-0.7280514934732697,-2.941949265911123,-4.925315149623849,-2.8651053030027476,1.7143870227746574
5.542204936345418,0.680354838806513,0.1356492837270101,0.007417557615811619,0.9,0.15,10,200,0.9,"{'colsample_bytree': 0.9, 'learning_rate': 0.15, 'max_depth': 10, 'n_estimators': 200, 'subsample': 0.9}",-40.90201123782887,-33.004767189175475,-36.483361342952,-36.79671325665212,3.2316412710739333,242,-0.30790372267935734,-1.3954791422590347,-2.5617785332688032,-1.421720466069065,0.9203276122334119
7.954833428064982,0.9182406394042122,0.1754002571105957,0.03225531747071686,0.9,0.15,10,300,0.9,"{'colsample_bytree': 0.9, 'learning_rate': 0.15, 'max_depth': 10, 'n_estimators': 300, 'subsample': 0.9}",-40.90739150466103,-33.05905714893171,-36.54642513389214,-36.837624595828295,3.2106786286603257,243,-0.052262186785056515,-0.4046375947510331,-1.0097132907061004,-0.48887102408072997,0.3953897714596633
